date,Open,High,Low,Close,Volume
2011-04-01,15.752980865375,15.752980865375,15.530567795708,15.714633784398,19209900.0
2011-04-04,15.588088417173,15.676286703421,15.415526552777,15.469212466145,21844800.0
2011-04-05,15.480716590438,15.637939622444,15.419361260874,15.450038925656,16152700.0
2011-04-06,15.484551298535,15.856517984013,15.465377758047,15.791327946352,19679700.0
2011-04-07,15.856517984013,16.02907984841,15.745311449179,15.752980865375,16693100.0
2011-04-08,15.722303200593,15.737642032984,15.538237211903,15.607261957662,13263500.0
2011-04-11,15.61109666576,15.829675027329,15.591923125271,15.741476741082,12805700.0
2011-04-12,15.599592541467,15.791327946352,15.542071920001,15.752980865375,13180200.0
2011-04-13,15.726137908691,15.933212145967,15.664782579128,15.772154405863,12705300.0
2011-04-14,15.530567795708,15.618766081955,15.384848887995,15.47688188234,16913800.0
2011-04-15,15.484551298535,15.595757833369,15.415526552777,15.438534801363,14688500.0
2011-04-18,15.323493558432,15.354171223213,15.016716910615,15.24296468838,18535300.0
2011-04-19,15.273642353162,15.358005931311,15.089576364472,15.335036029806,13504600.0
2011-04-20,15.591923125271,15.79516265445,15.588088417173,15.680121411518,14201200.0
2011-04-21,15.798997362547,15.798997362547,15.614931373857,15.718468492495,9517600.0
2011-04-25,15.745311449179,15.787493238254,15.507559547122,15.542071920001,13925000.0
2011-04-26,15.499890130926,15.706964368202,15.361840639409,15.603427249564,21200000.0
2011-04-27,15.66094787103,15.79516265445,15.61109666576,15.737642032984,13104100.0
2011-04-28,15.806666778743,15.837344443524,15.484551298535,15.542071920001,19631000.0
2011-04-29,15.584253709076,15.591923125271,15.334997682725,15.480716590438,14447400.0
2011-05-02,15.603427249564,15.637939622444,15.327328266529,15.369510055604,14262900.0
2011-05-03,15.285146477455,15.484551298535,15.262138228868,15.465377758047,14865800.0
2011-05-04,15.484551298535,15.768319697766,15.419361260874,15.699294952007,15372800.0
2011-05-05,15.588088417173,15.848848567817,15.572749584783,15.645609038639,12871300.0
2011-05-06,15.741476741082,15.921708021674,15.597675187418,15.649443746737,12829500.0
2011-05-09,15.641774330541,15.860352692111,15.62643549815,15.729972616789,9307900.0
2011-05-10,15.752980865375,16.006071599823,15.722303200593,15.940881562162,9006400.0
2011-05-11,15.906369189283,15.937046854065,15.630270206248,15.745311449179,16927100.0
2011-05-12,15.676286703421,15.791327946352,15.61109666576,15.676286703421,14165300.0
2011-05-13,15.645609038639,15.668617287225,15.423195968972,15.496055422828,14068300.0
2011-05-16,15.415526552777,15.469212466145,15.208452315501,15.262138228868,18262200.0
2011-05-17,14.40699832308,14.441510695959,13.820287984131,14.153907588632,100424200.0
2011-05-18,14.046535761896,14.050370469993,13.801114443643,13.992849848528,44644200.0
2011-05-19,13.969841599942,14.061874594287,13.80494915174,13.85480035701,31116600.0
2011-05-20,13.808783859838,13.93916393516,13.770436778861,13.797279735545,23005900.0
2011-05-23,13.643891411637,13.80494915174,13.590205498269,13.732089697884,26492700.0
2011-05-24,13.659230244027,13.866304481304,13.643891411637,13.795362381496,27329900.0
2011-05-25,13.682238492614,13.862469773206,13.682238492614,13.808783859838,25474500.0
2011-05-26,13.801114443643,14.088717550971,13.789610319349,14.015858097114,27179800.0
2011-05-27,14.088717550971,14.203758793902,14.081048134775,14.17308112912,20623500.0
2011-05-31,14.295791788247,14.387824782592,14.25744470727,14.334138869224,27368000.0
2011-06-01,14.265114123465,14.30729591254,13.996684556626,14.046535761896,19316200.0
2011-06-02,14.027362221407,14.058039886189,13.923825102769,13.967924245893,16659600.0
2011-06-03,13.824122692229,13.950668059453,13.80494915174,13.847130940815,15963800.0
2011-06-06,13.801114443643,13.896982146085,13.770436778861,13.789610319349,15407700.0
2011-06-07,13.85480035701,13.862469773206,13.640056703539,13.640056703539,16894700.0
2011-06-08,13.509676628217,13.709081449298,13.498172503924,13.559527833487,16012500.0
2011-06-09,13.617048454953,13.701412033102,13.559527833487,13.597874914464,11590900.0
2011-06-10,13.617048454953,13.624717871148,13.475164255338,13.517346044412,14320500.0
2011-06-13,13.517983502382,13.537223444742,13.314040113362,13.333280055723,21738800.0
2011-06-14,13.410239825164,13.575703329463,13.32943206725,13.364063963499,20123600.0
2011-06-15,13.287104194058,13.298648159474,13.063920862678,13.183208505312,24950100.0
2011-06-16,13.117792701287,13.510287525438,13.10624873587,13.456415686829,28167700.0
2011-06-17,13.552615398631,13.591095283351,13.444871721413,13.467959652245,39361800.0
2011-06-20,13.387151894331,13.591095283351,13.387151894331,13.464111663773,16631600.0
2011-06-21,13.517983502382,13.71807890293,13.479503617661,13.583399306407,16958800.0
2011-06-22,13.591095283351,13.660359075848,13.510287525438,13.51413551391,12828800.0
2011-06-23,13.398695859748,13.579551317935,13.294800171002,13.556463387103,19498800.0
2011-06-24,13.537223444742,13.548767410158,13.42178379058,13.429479767524,36850600.0
2011-06-27,13.487199594605,13.602639248767,13.433327755996,13.460263675301,15242400.0
2011-06-28,13.494895571549,13.544919421686,13.450643704121,13.502591548494,14237100.0
2011-06-29,13.53337545627,13.698838960569,13.502591548494,13.679599018209,13512600.0
2011-06-30,13.968198153614,14.329909069989,13.94126223431,14.006678038335,27376900.0
2011-07-01,14.064397865416,14.287581196796,13.983590107502,14.256797289019,14854800.0
2011-07-05,14.152901600273,14.237557346659,13.956654188198,14.033613957639,16387000.0
2011-07-06,14.029765969167,14.079789819304,13.891238384173,13.929718268893,16402200.0
2011-07-07,14.033613957639,14.079789819304,13.97974211903,14.025917980695,16037500.0
2011-07-08,13.902782349589,14.022069992223,13.775798730011,14.018222003751,15076400.0
2011-07-11,13.852758499452,13.852758499452,13.53337545627,13.579551317935,18265400.0
2011-07-12,13.529527467798,13.741166833762,13.506439536966,13.571855340991,15173800.0
2011-07-13,13.621879191128,13.775798730011,13.583399306407,13.637271145016,11064900.0
2011-07-14,13.675751029737,13.733470856818,13.471807640717,13.517983502382,15439900.0
2011-07-15,13.575703329463,13.618031202656,13.456415686829,13.502591548494,15166200.0
2011-07-18,13.460263675301,13.506439536966,13.390999882804,13.475655629189,15326900.0
2011-07-19,13.560311375575,13.741166833762,13.44102373294,13.702686949041,15971100.0
2011-07-20,13.768102753066,13.783494706955,13.510287525438,13.575703329463,15009100.0
2011-07-21,13.598791260295,13.995134072919,13.437175744468,13.94126223431,18116500.0
2011-07-22,14.014374015279,14.283733208324,13.991286084446,14.122117692497,16042300.0
2011-07-25,13.956654188198,14.391476885542,13.937414245838,14.272189242908,19143100.0
2011-07-26,14.272189242908,14.506916539704,14.252949300547,14.418412804846,14617300.0
2011-07-27,14.210621427354,14.318365104572,14.025917980695,14.160597577218,18943400.0
2011-07-28,14.110573727081,14.191381484994,13.898934361117,13.94126223431,14704600.0
2011-07-29,13.775798730011,13.804658643551,13.506439536966,13.53337545627,20455700.0
2011-08-01,13.621879191128,13.660359075848,13.340976032667,13.544919421686,15742700.0
2011-08-02,13.406391836692,13.510287525438,13.213992413088,13.21784040156,16070400.0
2011-08-03,13.1986004592,13.279408217114,12.97541712782,13.190904482256,21102900.0
2011-08-04,12.979265116292,12.983113104764,12.505962534227,12.521354488116,25200900.0
2011-08-05,12.632946153806,12.694129170512,12.128859663965,12.555986384364,31566700.0
2011-08-08,11.978788113554,12.275083225903,11.824868574671,11.855652482448,33821200.0
2011-08-09,11.921068286473,12.140403629381,11.447765704408,12.132707652437,32971100.0
2011-08-10,11.890284378696,11.936460240361,11.459309669824,11.490093577601,27700800.0
2011-08-11,11.447765704408,12.094227767716,11.447765704408,11.948004205777,26863000.0
2011-08-12,12.259691272015,12.452090695618,12.144251617853,12.43669874173,23720100.0
2011-08-15,12.448242707146,12.609858222973,12.402066845482,12.479026614923,17288900.0
2011-08-16,12.286627191319,12.690665980887,12.275083225903,12.54829040742,18155200.0
2011-08-17,12.30586713368,12.390522880065,11.917258777885,12.078835813828,24472200.0
2011-08-18,11.490093577601,13.083160805038,11.020638984008,11.355413981079,96009500.0
2011-08-19,9.0812527940852,9.23902032144,8.7541737739592,9.0812527940852,128945500.0
2011-08-22,9.2967401485211,9.7084749150326,9.2851961831049,9.4083318142111,61134000.0
2011-08-23,9.4391157219877,9.5160754914291,9.2544122753283,9.4429637104598,34141000.0
2011-08-24,9.4429637104598,9.7354108343371,9.3313720447697,9.7007789380884,28904100.0
2011-08-25,9.673843018784,9.7161708919767,9.4198757796273,9.6315151455912,25553900.0
2011-08-26,9.4737476182363,9.7469547997533,9.3967878487949,9.5507073876777,22842500.0
2011-08-29,9.6007312378146,10.062489854463,9.5814912954543,10.050945889047,23075300.0
2011-08-30,9.9970740504378,10.077881808351,9.897026350164,10.024009969742,23412600.0
2011-08-31,10.108665716128,10.162537554737,9.9816820965496,10.016313992798,22640000.0
2011-09-01,10.081729796823,10.181777497097,9.8739384193316,9.8777864078037,16365600.0
2011-09-02,9.6392111225353,9.6584510648957,9.3583079640742,9.3660039410184,18738000.0
2011-09-06,8.9581171629789,9.1120367018617,8.8118936010403,9.0927967595014,28156600.0
2011-09-07,9.2236283675518,9.3602319583102,9.1197326788059,9.289044171577,20444700.0
2011-09-08,9.3698519294904,9.4929875605967,9.1774525058869,9.1851484828311,21517700.0
2011-09-09,9.0620128517248,9.1043407249176,8.6579740621575,8.7156938892385,36896400.0
2011-09-12,8.6691703793681,8.7426707083319,8.5608541051055,8.7349338315989,28227000.0
2011-09-13,8.7542760234315,8.8123025989292,8.6769072561011,8.7813550919971,24346700.0
2011-09-14,8.7774866536306,8.9476979417574,8.6575650642685,8.870329174427,22525700.0
2011-09-15,8.9825138870561,9.0289351474543,8.7929604070967,9.0018560788887,15819600.0
2011-09-16,9.0560142160199,9.1256461066172,8.9554348184904,9.1024354764181,23418700.0
2011-09-19,8.9360926266578,8.9786454486895,8.750407585065,8.862592297694,16875200.0
2011-09-20,8.8471185442279,8.9283557499248,8.6807756944676,8.6923810095672,25844500.0
2011-09-21,8.7349338315989,9.7097802999616,8.5918016120377,9.2765152029115,88373400.0
2011-09-22,8.9167504348252,9.1720673670155,8.6111438038703,8.8200394756623,64315700.0
2011-09-23,8.7117232013998,8.750407585065,8.3171424880149,8.6343544340694,68905500.0
2011-09-26,8.7388022699654,8.9244873115583,8.6769072561011,8.7852235303636,31924000.0
2011-09-27,9.0366720241873,9.4776739979704,8.974777010323,9.1256461066172,39525800.0
2011-09-28,9.2610414494454,9.2765152029115,8.9399610650244,8.9709085719565,23815400.0
2011-09-29,9.2107517506807,9.4622002445044,9.0289351474543,9.1991464355811,26827100.0
2011-09-30,9.1179092298842,9.1875411204815,8.6730388177346,8.6846441328341,40117700.0
2011-10-03,8.7736182152641,8.9825138870561,8.5801962969381,8.5879331736712,28497500.0
2011-10-04,8.4834853377752,8.9244873115583,8.4486693924765,8.9051451197257,31000000.0
2011-10-05,8.8896713662596,9.3345417784093,8.8393816674949,9.2300939425133,31037600.0
2011-10-06,9.3384102167758,9.6943065464955,9.2339623808798,9.690438108129,28478500.0
2011-10-07,9.7097802999616,9.914807533387,9.4931477514365,9.6246746558981,30191000.0
2011-10-10,9.7987543823915,10.052137095398,9.7832806289254,9.9573603554187,21717200.0
2011-10-11,9.899333779921,10.069545068048,9.8567422735056,10.026992246016,17650300.0
2011-10-12,10.104361013346,10.170124465577,9.9302812868531,10.007650054183,20650800.0
2011-10-13,10.026992246016,10.038597561116,9.7252540534276,9.914807533387,15492600.0
2011-10-14,10.065676629681,10.18946665741,10.02312380765,10.10049257498,11979600.0
2011-10-17,9.9960447390839,10.034729122749,9.5550427653008,9.6169377791651,16734100.0
2011-10-18,9.5666480804004,9.9844394239844,9.497016189803,9.907070656654,20584500.0
2011-10-19,9.810359697491,9.8645178346223,9.6092009024321,9.6633590395633,13776600.0
2011-10-20,9.6285430942647,9.6788327930294,9.3809630388075,9.5705165187669,18703100.0
2011-10-21,9.690438108129,9.8954653415544,9.6633590395633,9.8180965742241,14972400.0
2011-10-24,9.9032022182875,10.119834766813,9.8529125195227,10.065676629681,12633400.0
2011-10-25,10.026992246016,10.034729122749,9.6710959162964,9.690438108129,15098700.0
2011-10-26,9.7175171766946,10.01151849255,9.6092009024321,9.9612287937853,20334300.0
2011-10-27,10.243624794541,10.614994877727,10.224282602709,10.479599534899,26233100.0
2011-10-28,10.723311151989,11.051741569307,10.661416138125,10.808416796053,27476100.0
2011-10-31,10.599521124261,10.661416138125,10.293914493306,10.293914493306,16620300.0
2011-11-01,10.019255369283,10.085018821514,9.8064912591245,9.9186759717536,19227100.0
2011-11-02,10.030860684383,10.197203534143,9.9767025472513,10.02312380765,16346900.0
2011-11-03,10.135308520279,10.437046712867,9.9960447390839,10.382888575736,16102700.0
2011-11-04,10.328730438605,10.437046712867,10.18946665741,10.433178274501,12634500.0
2011-11-07,10.464125781433,10.792943042587,10.379020137369,10.785206165854,17890000.0
2011-11-08,10.874180248284,10.874180248284,10.597586905078,10.769732412388,17413300.0
2011-11-09,10.510547041831,10.526020795297,10.154650712111,10.185598219043,18652200.0
2011-11-10,10.26683542474,10.413836082668,10.177358445323,10.351941068804,15045500.0
2011-11-11,10.53375767203,10.750390220555,10.502810165098,10.669153014858,13163500.0
2011-11-14,10.661416138125,10.715574275256,10.483467973265,10.568573617329,11363700.0
2011-11-15,10.518283918564,10.994101837646,10.483467973265,10.924469947048,20088800.0
2011-11-16,10.866443371551,11.059865289877,10.692363645057,10.804548357686,20176500.0
2011-11-17,10.769732412388,10.781337727487,10.375151699003,10.556968302229,18325600.0
2011-11-18,10.746521782189,10.986364960913,10.692363645057,10.827758987885,29275300.0
2011-11-21,10.460257343066,10.595652685894,10.166256027211,10.390625452469,34503800.0
2011-11-22,10.158519150478,10.35580950717,9.7678068754593,10.309388246772,49894100.0
2011-11-23,10.170124465577,10.320993561871,9.9186759717536,9.9728341088848,24496100.0
2011-11-25,9.9032022182875,10.003781615817,9.8142281358576,9.8219650125906,9019000.0
2011-11-28,10.054071314582,10.297782931672,9.9109390950205,10.262966986374,19858000.0
2011-11-29,10.448652027967,10.638205507926,10.293914493306,10.406099205935,27205600.0
2011-11-30,10.614994877727,10.88965400175,10.614994877727,10.812285234419,36174100.0
2011-12-01,10.614994877727,11.001838714379,10.614994877727,10.916733070315,22168600.0
2011-12-02,11.021180906211,11.025049344578,10.684626768324,10.707837398523,20453400.0
2011-12-05,10.823890549519,10.986364960913,10.781337727487,10.87804868665,18506600.0
2011-12-06,10.731048028722,11.001838714379,10.719442713623,10.901259316849,17253300.0
2011-12-07,10.781337727487,11.05599685151,10.70779871414,10.990233399279,17919000.0
2011-12-08,10.897390878483,11.090812796809,10.661416138125,10.70010052179,21683100.0
2011-12-09,10.680758329958,10.997970276012,10.645942384659,10.792943042587,19312800.0
2011-12-12,10.517825478904,10.667414057012,10.517825478904,10.62273175446,19598800.0
2011-12-13,10.649929677752,10.820888052733,10.35463793915,10.412919203348,18238300.0
2011-12-14,10.346867103923,10.397377532895,10.082658706227,10.249731663594,22319500.0
2011-12-15,10.350752521537,10.376007736022,10.148710805651,10.164252476104,17911200.0
2011-12-16,10.234189993141,10.362408774376,10.036033694868,10.039919112482,33107800.0
2011-12-19,10.082658706227,10.131226426391,9.7213148682,9.7640544619451,16842300.0
2011-12-20,9.9194711664726,10.168137893717,9.9194711664726,10.067117035774,14770800.0
2011-12-21,10.008835771576,10.055460782934,9.7290857034264,9.8845024079539,19700700.0
2011-12-22,9.9194711664726,10.098200376679,9.8845024079539,10.047689947708,12945200.0
2011-12-23,10.067117035774,10.090429541453,10.004950353963,10.055460782934,10604500.0
2011-12-27,9.9738670130573,10.094314959066,9.9544399249913,9.9660961778309,11949200.0
2011-12-28,9.9233565840858,9.9971795187364,9.7698825883648,9.7912523852374,10468200.0
2011-12-29,9.7640544619451,9.9738670130573,9.7640544619451,9.9544399249913,9159800.0
2011-12-30,9.9155857488594,10.094314959066,9.9078149136331,10.008835771576,11494100.0
2012-01-03,10.226419157915,10.424575456187,10.226419157915,10.34298168631,13391400.0
2012-01-04,10.304127510178,10.412919203348,10.273044169273,10.335210851084,11116400.0
2012-01-05,10.226419157915,10.331325433471,10.199221234622,10.296356674952,13847000.0
2012-01-06,10.323554598244,10.339096268697,10.218648322688,10.25750249882,11705700.0
2012-01-09,10.253617081207,10.339096268697,10.230304575528,10.273044169273,11058400.0
2012-01-10,10.370179609603,10.45177337948,10.327440015858,10.370179609603,12596700.0
2012-01-11,10.296356674952,10.362408774376,10.230304575528,10.34880981273,13600000.0
2012-01-12,10.385721280055,10.486742137998,10.35463793915,10.471200467546,10427700.0
2012-01-13,10.377950444829,10.44594525306,10.245846245981,10.292471257339,11806100.0
2012-01-17,10.387663988862,10.444002544253,10.25750249882,10.278872295693,11192100.0
2012-01-18,10.25750249882,10.490627555611,10.25750249882,10.490627555611,11467500.0
2012-01-19,10.498398390838,10.587762995941,10.444002544253,10.548908819809,11182500.0
2012-01-20,10.53725256697,10.949106833968,10.510054643677,10.929679745902,22490800.0
2012-01-23,10.855856811251,11.221086066891,10.855856811251,11.143377714627,22235300.0
2012-01-24,10.968533922034,11.205544396438,10.956877669194,11.081211032816,14887700.0
2012-01-25,11.038471439071,11.088981868043,10.894710987383,11.003502680552,13317600.0
2012-01-26,10.960763086807,11.06178394475,10.820888052733,10.875283899317,11408300.0
2012-01-27,10.747065118082,10.910252657836,10.723752612403,10.832544305572,11902500.0
2012-01-30,10.591648413554,10.894710987383,10.579992160715,10.832544305572,12121800.0
2012-01-31,10.952992251581,10.968533922034,10.673242183431,10.871398481704,13750000.0
2012-02-01,10.968533922034,11.232742319731,10.945221416355,11.174461055533,14961000.0
2012-02-02,11.15891938508,11.209429814052,11.026815186232,11.07344019759,12708600.0
2012-02-03,11.221086066891,11.349304848126,11.190002725986,11.294909001542,11630300.0
2012-02-06,11.259940243023,11.310450671994,11.166690220306,11.174461055533,12804000.0
2012-02-07,11.162804802693,11.333763177674,11.108408956109,11.248283990183,14585000.0
2012-02-08,11.25605482541,11.485294464588,11.224971484504,11.446440288456,13190600.0
2012-02-09,11.415356947551,11.458135395472,11.279367331089,11.310450671994,16033900.0
2012-02-10,11.228856902117,11.263825660636,11.069554779977,11.151148549854,10024300.0
2012-02-13,11.217200649278,11.267711078249,11.042356856684,11.17057563792,9160200.0
2012-02-14,11.151148549854,11.298794419155,11.123950626561,11.298794419155,10968000.0
2012-02-15,11.446440288456,11.481409046975,11.254112116603,11.314336089608,15741700.0
2012-02-16,11.24439857257,11.648482004342,11.240513154957,11.611570537017,20625300.0
2012-02-17,11.636825751502,11.656252839568,11.473638211748,11.496950717428,18530400.0
2012-02-21,11.469752794135,11.547461146399,11.333763177674,11.403700694711,14334500.0
2012-02-22,11.325992342447,11.35319026574,11.182231890759,11.24439857257,28629800.0
2012-02-23,10.723752612403,10.828658887959,10.432346291414,10.510054643677,71378900.0
2012-02-24,10.490627555611,10.52559631413,10.323554598244,10.350752521537,27870300.0
2012-02-27,10.226419157915,10.339096268697,10.144825388038,10.199221234622,28233000.0
2012-02-28,10.175908728943,10.249731663594,10.105971211906,10.17202331133,23094700.0
2012-02-29,10.191450399396,10.199221234622,9.8223357261429,9.8339919789825,38834700.0
2012-03-01,9.8495336494352,9.9660961778309,9.7873669676242,9.8106794733033,25207100.0
2012-03-02,9.8106794733033,9.9350128369254,9.7795961323978,9.8378773965957,22612600.0
2012-03-05,9.783481550011,9.802908638077,9.6047523398043,9.7174294505868,24715100.0
2012-03-06,9.5503564932196,9.6319502630966,9.332773106881,9.3910543710789,32278000.0
2012-03-07,9.414366876758,9.5270439875405,9.3988252063053,9.4648773057295,16432800.0
2012-03-08,9.495960646635,9.6125231750307,9.4551637616965,9.5736689988988,13983600.0
2012-03-09,9.5542419108328,9.5853252517383,9.3405439421074,9.3949397886921,23422300.0
2012-03-12,9.3598352668291,9.4847892628819,9.3520256420758,9.3871689534657,16613900.0
2012-03-13,9.3988833905956,9.6214576960647,9.3364063925692,9.5941240094281,23336000.0
2012-03-14,9.4769796381286,9.582097187308,9.4418363267388,9.5043133247652,21666200.0
2012-03-15,9.4184074524789,9.6019336341814,9.4027882029723,9.5277421990251,20440300.0
2012-03-16,9.473074825752,9.5863143846748,9.4535507638687,9.5628855104149,20821800.0
2012-03-19,9.5785047599215,9.6058384465581,9.4925988876352,9.5043133247652,11763500.0
2012-03-20,9.5121229495185,9.5160277618951,9.3598352668291,9.3637400792058,24141700.0
2012-03-21,9.4105978277256,9.4262170772322,9.1216417118535,9.16068983562,45506300.0
2012-03-22,9.0435454643205,9.0904032128403,8.9459251549043,8.9927829034241,34289800.0
2012-03-23,9.016211777684,9.2309764583997,8.9498299672809,9.2270716460231,20687600.0
2012-03-26,9.316882330686,9.3442160173225,9.1958331470099,9.3285967678159,23852900.0
2012-03-27,9.3559304544525,9.3598352668291,9.2231668336464,9.2231668336464,18363500.0
2012-03-28,9.2544053326596,9.2973582688027,9.1567850232434,9.2075475841398,20501600.0
2012-03-29,9.1411657737368,9.2192620212698,9.1255465242302,9.1802138975033,17345200.0
2012-03-30,9.2270716460231,9.3403112049459,9.1958331470099,9.305167893556,16901900.0
2012-04-02,9.3246919554393,9.3676448915824,9.2505005202829,9.3246919554393,13918400.0
2012-04-03,9.305167893556,9.394978578219,9.1177368994769,9.1567850232434,15855400.0
2012-04-04,9.0669743385804,9.1294513366068,9.0396406519439,9.0864984004637,15360800.0
2012-04-05,9.0396406519439,9.1255465242302,9.0123069653073,9.0240214024373,14733100.0
2012-04-09,8.938115530151,9.1056319811092,8.9224962806444,9.0357358395672,15263800.0
2012-04-10,9.0474502766972,9.2192620212698,9.0201165900606,9.0864984004637,25845600.0
2012-04-11,9.1802138975033,9.2075475841398,9.0747839633337,9.1411657737368,16610000.0
2012-04-12,9.3676448915824,9.8166983148971,9.3559304544525,9.8010790653905,43405800.0
2012-04-13,9.7346972549875,9.7815550035073,9.5004085123885,9.5941240094281,24481800.0
2012-04-16,9.6761250693378,9.6917443188444,9.4379315143621,9.4925988876352,15133900.0
2012-04-17,9.5277421990251,9.7893646282606,9.5101705433301,9.6526961950779,15917800.0
2012-04-18,9.5902191970515,9.7932694406372,9.5745999475449,9.7346972549875,18102700.0
2012-04-19,9.707363568351,9.8206031272738,9.5589806980383,9.6487913827012,18076900.0
2012-04-20,9.6722202569611,9.7366496611758,9.5472662609083,9.5706951351682,19645900.0
2012-04-23,9.473074825752,9.5550758856616,9.394978578219,9.4769796381286,16794000.0
2012-04-24,9.4847892628819,9.5745608994211,9.4574555762454,9.5433614485317,11964900.0
2012-04-25,9.6136480713114,9.7034587559743,9.5277421990251,9.695649131221,17868300.0
2012-04-26,9.6644106322078,9.7503555526179,9.6409817579479,9.7112683807276,9860300.0
2012-04-27,9.7229828178576,9.7581261292474,9.629267320818,9.6644106322078,9433500.0
2012-04-30,9.629267320818,9.6839346940911,9.5785047599215,9.6683154445845,9248900.0
2012-05-01,9.6566010074545,9.91822343669,9.6566010074545,9.8284127520271,15577800.0
2012-05-02,9.7854598158839,9.8635560634169,9.7112683807276,9.8596512510403,13609400.0
2012-05-03,9.8596512510403,9.8909287981773,9.5472662609083,9.5589806980383,14759700.0
2012-05-04,9.5199325742718,9.6019336341814,9.4496459514921,9.4769796381286,14031200.0
2012-05-07,9.4457411391154,9.461360388622,9.2895486440494,9.3207871430626,13193400.0
2012-05-08,9.2309764583997,9.2505005202829,8.9810684662941,9.1060224623469,24600700.0
2012-05-09,9.0201165900606,9.1880235222566,8.9498299672809,9.1099272747236,14033200.0
2012-05-10,9.094308025217,9.2192620212698,9.0181641838723,9.1802138975033,16107700.0
2012-05-11,9.1138320871002,9.1782614913149,9.0318310271906,9.0396406519439,16302300.0
2012-05-14,8.9810684662941,9.0513550890738,8.9029722187611,8.9674016229759,16821700.0
2012-05-15,8.9693540291642,9.0005925281774,8.7350652865652,8.7467797236951,16067000.0
2012-05-16,8.770208597955,8.8834481568779,8.5944920410058,8.6023016657591,16259700.0
2012-05-17,8.6023016657591,8.6960171627987,8.5203006058495,8.6140161028891,16732500.0
2012-05-18,8.6335401647723,8.6608738514089,8.3094407375104,8.3797273602901,25559000.0
2012-05-21,8.3641081107835,8.5788727914992,8.3562984860302,8.547634292486,16139900.0
2012-05-22,8.547634292486,8.5554439172393,8.4109658593033,8.5046813563429,15810100.0
2012-05-23,8.2586781766139,8.2782022384972,8.0321990587683,8.2313444899774,53778900.0
2012-05-24,8.8326855959814,8.848304845488,8.325059987017,8.5007765439662,58991500.0
2012-05-25,8.3836321726667,8.7311604741886,8.3562984860302,8.7194460370586,23606100.0
2012-05-29,8.7389700989418,8.9303059053977,8.7389700989418,8.9029722187611,22775800.0
2012-05-30,8.8092567217215,8.9029722187611,8.7663037855784,8.8795433445012,20883800.0
2012-05-31,8.9068770311378,8.9342107177743,8.7233508494353,8.8561144702413,21895800.0
2012-06-01,8.5398246677327,8.5905872286292,8.2782022384972,8.2977263003804,31340000.0
2012-06-04,8.313345549887,8.3660605169718,8.1493434300678,8.2235348652241,18205700.0
2012-06-05,8.2391541147307,8.4929669192129,8.2235348652241,8.4656332325764,20203000.0
2012-06-06,8.4734428573297,8.7311604741886,8.469538044953,8.7272556618119,14727100.0
2012-06-07,8.7858278474616,8.8834481568779,8.5944920410058,8.6140161028891,14333400.0
2012-06-08,8.637444977149,8.7272556618119,8.5671583543693,8.7116364123053,11429000.0
2012-06-11,8.7849910758977,8.8124932840959,8.3999601611222,8.4117468217786,14399100.0
2012-06-12,8.4353201430914,8.5649734103117,8.4038890480077,8.5256845414571,11203600.0
2012-06-13,8.4510356906333,8.5296134283425,8.3842446135804,8.4392490299769,11557100.0
2012-06-14,8.4392490299769,8.5414000889989,8.4038890480077,8.482466785717,10875100.0
2012-06-15,8.5374712021135,8.6396222611355,8.474609011946,8.5021112201443,17446200.0
2012-06-18,8.4471068037478,8.4903245594879,8.2388757988182,8.2703068939019,21334700.0
2012-06-19,8.3174535365275,8.3331690840693,8.152440287338,8.1760136086508,21716000.0
2012-06-20,8.1917291561926,8.3370979709548,8.1131514184833,8.313524649642,17341100.0
2012-06-21,8.2820935545583,8.3095957627565,7.9442092824084,7.9736759340494,19640900.0
2012-06-22,8.0070714725758,8.1406536266816,7.9677826037212,8.0031425856903,16091000.0
2012-06-25,7.9284937348665,7.9638537168357,7.6495427659986,7.6790094176396,22606900.0
2012-06-26,7.6809738610823,7.7359782774788,7.5591783676329,7.6043605668157,21252400.0
2012-06-27,7.6063250102585,7.7006182955096,7.5945383496021,7.6652583135404,11517800.0
2012-06-28,7.5945383496021,7.6220405578003,7.5120317250073,7.6063250102585,15941200.0
2012-06-29,7.7988404676462,7.9167070742101,7.763480485677,7.9009915266683,18842900.0
2012-07-02,7.9009915266683,7.9520670561793,7.8066982414171,7.9206359610956,14848900.0
2012-07-03,7.8263426758445,8.0031425856903,7.8106271283026,7.9992136988049,7338200.0
2012-07-05,7.9638537168357,8.0247514635604,7.9088493004392,7.9677826037212,10526000.0
2012-07-06,7.8381293365009,7.9127781873247,7.6416849922277,7.6888316348532,16533100.0
2012-07-09,7.6731160873114,7.6927605217387,7.5631072545184,7.6338272184567,12421800.0
2012-07-10,7.6141827840294,7.7006182955096,7.4727428561527,7.5081028381219,16797000.0
2012-07-11,7.5041739512364,7.7909826938753,7.4845295168091,7.7359782774788,24565100.0
2012-07-12,7.5827516889457,7.6574005397695,7.4806006299236,7.602396123373,23525900.0
2012-07-13,7.5395339332056,7.543462820091,7.3745206840161,7.4570273086108,30564500.0
2012-07-16,7.4138095528707,7.5041739512364,7.3705917971306,7.3902362315579,14874000.0
2012-07-17,7.4491695348399,7.4648850823818,7.2684407381086,7.4138095528707,20657100.0
2012-07-18,7.3980940053289,7.661329426655,7.3863073446725,7.5827516889457,28310700.0
2012-07-19,7.5709650282893,7.6102538971439,7.4727428561527,7.5022095077937,15259400.0
2012-07-20,7.4530984217254,7.4806006299236,7.2959429463068,7.3096940504059,14811300.0
2012-07-23,7.221294095483,7.2487963036812,7.0719963938354,7.1898630003993,17405700.0
2012-07-24,7.1662896790865,7.1898630003993,6.9973475430115,7.0661030635072,20775000.0
2012-07-25,7.0994986020336,7.1466452446592,6.9659164479278,6.9855608823551,17233400.0
2012-07-26,7.0916408282627,7.1505741315446,6.9914542126833,7.0759252807208,16665000.0
2012-07-27,7.1348585840028,7.3430895889324,7.060209733179,7.2939785028641,18510600.0
2012-07-30,7.2487963036812,7.3234451545051,7.1427163577737,7.1741474528574,12502000.0
2012-07-31,7.1270008102319,7.2409385299103,7.0719963938354,7.1662896790865,16093700.0
2012-08-01,7.1937918872847,7.2487963036812,6.9187698053023,6.9384142397296,28820500.0
2012-08-02,6.9187698053023,7.1427163577737,6.840192067593,6.8951964839895,31160600.0
2012-08-03,7.0052053167825,7.2016496610557,6.9619875610424,7.1741474528574,18989200.0
2012-08-06,7.1859341135138,7.3941651184434,7.162360792201,7.3430895889324,15318000.0
2012-08-07,7.2920140594213,7.4845295168091,7.272369624994,7.4491695348399,19670100.0
2012-08-08,7.653471652884,7.7595515987916,7.5591783676329,7.6259694446858,44990300.0
2012-08-09,7.6220405578003,7.6849027479678,7.4884584036946,7.6259694446858,20192600.0
2012-08-10,7.5827516889457,7.7516938250206,7.5748939151748,7.7399071643643,18170700.0
2012-08-13,7.7359782774788,7.8852759791264,7.653471652884,7.7084760692805,13863900.0
2012-08-14,7.763480485677,7.8027693545317,7.5709650282893,7.6063250102585,18077800.0
2012-08-15,7.5788228020602,7.6220405578003,7.5356050463201,7.5788228020602,10988200.0
2012-08-16,7.6338272184567,7.7006182955096,7.551320593862,7.6691872004259,17835400.0
2012-08-17,7.6691872004259,7.6731160873114,7.5670361414038,7.6691872004259,14626800.0
2012-08-20,7.6809738610823,7.9088493004392,7.6181116709149,7.8931337528974,17912400.0
2012-08-21,7.9442092824084,7.9599248299502,7.763480485677,7.8302715627299,21028800.0
2012-08-22,7.661329426655,7.712404956166,7.5041739512364,7.543462820091,38201400.0
2012-08-23,7.0896763848199,7.1584319053156,6.8991253708749,6.9285920225159,72809500.0
2012-08-24,6.9344853528441,6.9698453348133,6.8755520495622,6.9069831446459,22115900.0
2012-08-27,6.9344853528441,6.9678808913706,6.7419698954564,6.7616143298837,27241500.0
2012-08-28,6.7301832348,6.7891165380819,6.6044588544651,6.6398188364343,34268000.0
2012-08-29,6.6241032888925,6.7144676872581,6.6083877413506,6.6555343839762,23517800.0
2012-08-30,6.6280321757779,6.6751788184035,6.5887433069233,6.5926721938087,15821400.0
2012-08-31,6.6319610626634,6.7183965741436,6.6005299675797,6.6319610626634,19586800.0
2012-09-04,6.6083877413506,6.7085743569299,6.6044588544651,6.6751788184035,17062200.0
2012-09-05,6.6516054970907,6.8087609725093,6.6162455151215,6.7851876511965,20989600.0
2012-09-06,6.8244765200511,6.971809778256,6.7694721036546,6.9109120315313,23129000.0
2012-09-07,6.8009031987383,6.8716231626767,6.7262543479145,6.8441209544784,16757100.0
2012-09-10,6.8840765845154,6.994918530672,6.8642833798445,6.899911148252,19540600.0
2012-09-11,6.9434561985279,7.113677758697,6.9276216347912,7.1057604768287,18475300.0
2012-09-12,7.137429604302,7.2047265001828,7.0938845540262,7.1215950405653,24021500.0
2012-09-13,7.137429604302,7.256188832327,7.0622154265529,7.2205610639195,21946100.0
2012-09-14,7.2403542685903,7.3452582533458,7.1690987317753,7.1928505773803,27927300.0
2012-09-17,7.2205610639195,7.2482715504587,7.137429604302,7.208685141117,16447300.0
2012-09-18,7.1532641680387,7.2363956276562,7.1413882452362,7.2245197048537,16884300.0
2012-09-19,7.2918166007345,7.3076511644712,7.137429604302,7.1651400908412,19014000.0
2012-09-20,7.1018018358945,7.113677758697,6.9315802757254,7.0305462990795,19588800.0
2012-09-21,7.0938845540262,7.1018018358945,6.9078284301204,6.9632494031987,20565800.0
2012-09-24,6.9117870710545,6.9117870710545,6.781151920227,6.8128210477004,15916200.0
2012-09-25,6.8167796886345,6.8365728933054,6.6109303600579,6.6148890009921,28068900.0
2012-09-26,6.6069717191237,6.828655611437,6.4248742361521,6.7732346383587,37145900.0
2012-09-27,6.6544754103337,6.852407457042,6.6307235647287,6.8187590091016,28952200.0
2012-09-28,6.7969864839637,6.8563660979762,6.7138550243462,6.7534414336879,22710000.0
2012-10-01,6.8088624067662,6.9751253260012,6.7890692020954,6.8128210477004,21767200.0
2012-10-02,6.8603247389104,6.9078284301204,6.7059377424779,6.781151920227,19555900.0
2012-10-03,6.8207383295687,6.8682420207787,5.8785817872371,5.9023336328421,141024800.0
2012-10-04,5.8192021732246,5.9300441193813,5.637104690253,5.9142095556446,90421800.0
2012-10-05,5.9023336328421,5.9854650924596,5.8073262504221,5.8310780960271,40654500.0
2012-10-08,5.7677398410804,5.8647265439675,5.7044015861338,5.7241947908046,32807400.0
2012-10-09,5.7004429451996,5.7360707136071,5.6042875569087,5.6885670223971,29632900.0
2012-10-10,5.6568978949238,5.7004429451996,5.5500145897013,5.613352844648,38774300.0
2012-10-11,5.6291874083846,5.7202361498704,5.5975182809113,5.6410633311871,36195300.0
2012-10-12,5.6410633311871,5.7400293545413,5.6410633311871,5.7044015861338,25354900.0
2012-10-15,5.7162775089363,5.7400293545413,5.6410633311871,5.7281534317388,26932300.0
2012-10-16,5.7439879954754,5.8508713006979,5.7400293545413,5.7677398410804,23833500.0
2012-10-17,5.7796157638829,5.8310780960271,5.6727324586604,5.8271194550929,17941500.0
2012-10-18,5.8310780960271,5.8785817872371,5.7796157638829,5.8587885825663,22172800.0
2012-10-19,5.8508713006979,5.8587885825663,5.7241947908046,5.7321120726729,20828200.0
2012-10-22,5.7044015861338,5.8271194550929,5.6608565358579,5.8231608141588,17489800.0
2012-10-23,5.7202361498704,5.7321120726729,5.6410633311871,5.6450219721213,19024900.0
2012-10-24,5.6766910995946,5.6846083814629,5.5539732306355,5.5579318715696,18311700.0
2012-10-25,5.5975182809113,5.6925256633313,5.565849153438,5.6173114855821,21476200.0
2012-10-26,5.5975182809113,5.6648151767921,5.518345462228,5.5777250762405,19270000.0
2012-10-31,5.613352844648,5.6331460493188,5.4629244891496,5.4827176938205,19441900.0
2012-11-01,5.494593616623,5.5816837171746,5.4629244891496,5.542097307833,24996800.0
2012-11-02,5.589600999043,5.6212701265163,5.4154207979396,5.447089925413,32509100.0
2012-11-05,5.4154207979396,5.5618905125038,5.4154207979396,5.5460559487671,14326900.0
2012-11-06,5.5500145897013,5.7321120726729,5.5500145897013,5.7004429451996,22732200.0
2012-11-07,5.6687738177263,5.6806497405288,5.4193794388738,5.4193794388738,27039500.0
2012-11-08,5.4550072072813,5.4985522575571,5.4312553616763,5.470841771018,19326100.0
2012-11-09,5.4629244891496,5.5064695394255,5.3837516704663,5.3877103114005,21066600.0
2012-11-12,5.4035448751371,5.4312553616763,5.2689510833755,5.3085374927171,18701600.0
2012-11-13,5.280827006178,5.304578851783,5.1739437009555,5.2016541874946,26404500.0
2012-11-14,5.209571469363,5.2887442880463,5.1779023418896,5.1996748670276,25143500.0
2012-11-15,5.1976955465605,5.2531165196388,5.1185227278772,5.1779023418896,24570500.0
2012-11-16,5.1779023418896,5.185819623758,4.8928801946297,5.0868536004038,34996800.0
2012-11-19,5.1343572916138,5.304578851783,5.1224813688113,5.2649924424413,32628900.0
2012-11-20,4.6078580473697,4.7741209666047,4.4930574602789,4.6355685339089,154673600.0
2012-11-21,4.6118166883039,4.8176660168805,4.5722302789622,4.7266172753947,64837400.0
2012-11-23,4.7543277619338,4.9443425267738,4.7543277619338,4.924549322103,26257700.0
2012-11-26,4.9087147583663,5.1066468050747,4.8572524262222,5.043308550128,26257700.0
2012-11-27,5.0472671910622,5.0749776776013,4.877045630893,4.8928801946297,31376900.0
2012-11-28,4.900797476498,5.0571637933976,4.8374592215513,5.0393499091938,33204800.0
2012-11-29,5.0591431138647,5.1818609828238,5.0591431138647,5.1026881641405,31333500.0
2012-11-30,5.114564086943,5.1581091372188,5.0512258319963,5.1422745734822,23615800.0
2012-12-03,5.2135301102971,5.280827006178,5.0749776776013,5.0947708822722,25445800.0
2012-12-04,5.1462332144163,5.375834388598,5.1106054460088,5.3560411839271,36572500.0
2012-12-05,5.3481239020588,5.6206763303762,5.3243720564538,5.470841771018,55554700.0
2012-12-06,5.5064695394255,5.5579318715696,5.399586234203,5.4748004119521,31090000.0
2012-12-07,5.5025108984913,5.5618905125038,5.4292760412092,5.518345462228,25255900.0
2012-12-10,5.5338277740171,5.8294979944339,5.4778901647491,5.6576896231106,51315100.0
2012-12-11,5.7136272323787,5.7815514722041,5.6337163619957,5.6976450583021,31966200.0
2012-12-12,5.7376004934935,5.8654578861062,5.721618319417,5.805524733319,33299000.0
2012-12-13,5.8215069073956,5.9173999518551,5.7376004934935,5.7935381027616,26299700.0
2012-12-14,5.7935381027616,5.8934266907402,5.7455915805318,5.8934266907402,26071600.0
2012-12-17,5.8814400601828,5.9253910388934,5.6337163619957,5.6776673407063,30862300.0
2012-12-18,5.6616851666298,5.8434823967509,5.6097431008809,5.805524733319,37836200.0
2012-12-19,5.8255024509147,5.8494757120296,5.7016406018212,5.7455915805318,23917700.0
2012-12-20,5.7535826675701,5.777555928685,5.6536940795915,5.7655692981276,17390800.0
2012-12-21,5.6816628842255,5.7296094064552,5.6137386444,5.7296094064552,26400300.0
2012-12-24,5.7096316888595,5.7096316888595,5.557801035132,5.5977564703234,9455300.0
2012-12-26,5.6257252749574,5.7256138629361,5.6137386444,5.641707449034,15110400.0
2012-12-27,5.6457029925532,5.6696762536681,5.5418188610554,5.6097431008809,16079800.0
2012-12-28,5.5538054916128,5.5657921221703,5.4459258165959,5.4659035341916,18193400.0
2012-12-31,5.4539169036342,5.7136272323787,5.4339391860384,5.6936495147829,28442900.0
2013-01-02,5.9253910388934,6.189096911157,5.8894311472211,6.0013063657572,49765700.0
2013-01-03,6.0452573444678,6.2809944120974,5.9613509305657,6.0492528879869,42879400.0
2013-01-04,6.0971994102167,6.1451459324464,6.0212840833529,6.0492528879869,22010200.0
2013-01-07,6.0692306055826,6.1791080523592,6.0532484315061,6.0612395185444,19190100.0
2013-01-08,6.0892083231784,6.1771102805996,5.9293865824125,6.1491414759656,32886700.0
2013-01-09,6.2450345204251,6.3609052824803,6.2130701722719,6.3329364778463,34370700.0
2013-01-10,6.3968651741526,6.5287181102844,6.2730033250591,6.5047448491696,36289100.0
2013-01-11,6.5846557195525,6.6845443075311,6.3329364778463,6.4567983269398,39137900.0
2013-01-14,6.572669088995,6.9202813751607,6.5407047408419,6.7724462649523,62084500.0
2013-01-15,6.7205041992034,6.73648637328,6.544700284361,6.6046334371482,39179700.0
2013-01-16,6.5926468065908,6.9202813751607,6.586653491312,6.8763303964501,46989100.0
2013-01-17,6.8923125705267,6.9722234409096,6.8084061566246,6.8363749612587,28715800.0
2013-01-18,6.73648637328,6.8603482223735,6.73648637328,6.8363749612587,23546400.0
2013-01-22,6.872334852931,6.9442546362756,6.7964195260672,6.8923125705267,27868800.0
2013-01-23,6.9242769186799,6.9682278973905,6.7564640908757,6.7964195260672,20093000.0
2013-01-24,6.7764418084715,6.9122902881224,6.7244997427226,6.7964195260672,17059700.0
2013-01-25,6.8283838742204,6.8823237117288,6.7684507214332,6.7884284390289,15429300.0
2013-01-28,6.8004150695863,6.8603482223735,6.7524685473566,6.8004150695863,15429300.0
2013-01-29,6.7404819167992,6.7604596343949,6.5127359362078,6.5846557195525,31364300.0
2013-01-30,6.5966423501099,6.6206156112248,6.5047448491696,6.5526913713993,20502600.0
2013-01-31,6.544700284361,6.6605710464162,6.4567983269398,6.5966423501099,20505300.0
2013-02-01,6.6605710464162,6.6925353945694,6.5606824584376,6.5766646325142,16749200.0
2013-02-04,6.516731479727,6.6733567856775,6.4528027834207,6.4647894139781,16561800.0
2013-02-05,6.4208384352675,6.6885398510503,6.4048562611909,6.6365977853014,23299900.0
2013-02-06,6.7964195260672,6.8163972436629,6.6326022417822,6.6685621334545,23063900.0
2013-02-07,6.6485844158588,6.6605710464162,6.5007493056504,6.5686735454759,16287600.0
2013-02-08,6.572669088995,6.7484730038375,6.5606824584376,6.7404819167992,14976900.0
2013-02-11,6.73648637328,6.7684507214332,6.6645665899354,6.7244997427226,11133700.0
2013-02-12,6.7284952862417,6.8803259399693,6.6885398510503,6.8323794177395,14906400.0
2013-02-13,6.8243883307012,6.8563526788544,6.7404819167992,6.7964195260672,11493700.0
2013-02-14,6.8044106131055,6.8403705047778,6.70308362946,6.8044106131055,14264400.0
2013-02-15,6.8363749612587,6.844366048297,6.680548764012,6.708517568646,15321500.0
2013-02-19,6.7324908297609,6.8523571353352,6.6925353945694,6.7484730038375,17447200.0
2013-02-20,6.7924239825481,6.8603482223735,6.6485844158588,6.6725576769737,18007300.0
2013-02-21,6.6365977853014,6.8683393094118,6.6206156112248,6.8323794177395,37604300.0
2013-02-22,7.2758847483647,7.9231627984663,7.2359293131733,7.6714435567602,133253100.0
2013-02-25,7.6754391002793,7.7713321447388,7.6035193169347,7.6195014910113,41488900.0
2013-02-26,7.6434747521261,7.9591226901387,7.611510403973,7.9071806243898,38953200.0
2013-02-27,7.9231627984663,7.9311538855046,7.8352608410451,7.8991895373515,29505000.0
2013-02-28,7.8632296456792,8.0949711697896,7.8552385586409,8.0470246475599,27175700.0
2013-03-01,8.0110647558876,8.1349266049811,7.9351494290238,8.051020191079,20337300.0
2013-03-04,8.0190558429259,8.0470246475599,7.9051828526302,7.9791004077344,19191300.0
2013-03-05,8.023051386445,8.2268241059214,8.0150602994067,8.1389221485002,18507800.0
2013-03-06,8.214837475364,8.5224943263382,8.1908642142491,8.3626725855724,33708900.0
2013-03-07,8.3626725855724,8.4385879124362,8.2947483457469,8.3307082374192,17905900.0
2013-03-08,8.4385879124362,8.4545700865128,8.3406970962171,8.3906413902064,19330300.0
2013-03-11,8.3669154994036,8.461400129022,8.3508330092558,8.4553691952166,14717800.0
2013-03-12,8.4433073276057,8.6242353417687,8.419183592384,8.6041322290839,17673000.0
2013-03-13,8.59609098401,8.600111606547,8.4674310628275,8.5719672487883,13852600.0
2013-03-14,8.5719672487883,8.8212458460795,8.5558847586405,8.8172252235425,24266900.0
2013-03-15,8.8292870911534,8.9177407869664,8.7408333953404,8.9177407869664,31792500.0
2013-03-18,8.9458851447251,9.2112462321641,8.9257820320403,9.1790812518685,39305700.0
2013-03-19,9.1710400067946,9.3037205505141,9.0986688011294,9.2916586829032,33874300.0
2013-03-20,9.2996999279772,9.4806279421401,9.1991843645533,9.2152668547011,35526900.0
2013-03-21,9.1428956490359,9.2675349476815,8.953926389799,8.9740295024838,36433300.0
2013-03-22,8.9740295024838,9.3037205505141,8.9740295024838,9.2635143251446,27924700.0
2013-03-25,9.2795968152924,9.4243392266228,9.2112462321641,9.2876380603663,29581000.0
2013-03-26,9.3198030406619,9.5328960351206,9.2876380603663,9.5047516773619,27329000.0
2013-03-27,9.4162979815489,9.5570197703423,9.3760917561793,9.4806279421401,23973900.0
2013-03-28,9.4484629618445,9.6213497309336,9.4082567364749,9.585164128101,24375300.0
2013-04-01,9.5409372801945,9.669597201377,9.3519680209576,9.3720711336424,25232300.0
2013-04-02,8.9860913700947,9.0383594630751,8.772998375636,8.8855758066708,48510200.0
2013-04-03,8.8091839784686,9.0222769729273,8.78103962071,8.8091839784686,30128500.0
2013-04-04,8.7931014883208,8.9780501250208,8.7609365080252,8.9659882574099,20597300.0
2013-04-05,8.8413489587643,8.8815551841338,8.7609365080252,8.8333077136904,18875100.0
2013-04-08,8.865472693986,8.9418645221882,8.7086684150448,8.8172252235425,15245900.0
2013-04-09,8.8373283362273,8.9740295024838,8.8011427333947,8.9338232771142,16487500.0
2013-04-10,8.9137201644295,9.0262975954642,8.9137201644295,8.9740295024838,15936000.0
2013-04-11,8.4392867050688,8.5518641361035,8.2865030486645,8.3950598571623,47718300.0
2013-04-12,8.3548536317927,8.419183592384,8.3066061613492,8.4031011022362,19558400.0
2013-04-15,8.3508330092558,8.50361666566,8.3146474064232,8.3146474064232,15919800.0
2013-04-16,8.3548536317927,8.4995960431231,8.3106267838862,8.4553691952166,13923400.0
2013-04-17,8.3910392346253,8.4031011022362,8.2141318429993,8.238255578221,15693400.0
2013-04-18,8.2543380683688,8.2744411810536,8.0653688091319,8.1256781471863,18681100.0
2013-04-19,7.8763995498951,8.0131007161515,7.6673271779734,7.8643376822842,28418900.0
2013-04-22,7.9166057752646,7.9608326231711,7.7638221188603,7.9447501330233,22852800.0
2013-04-23,7.9407295104863,8.0412450739102,7.8603170597472,7.9005232851168,20012200.0
2013-04-24,7.8482551921364,8.1819668627036,7.8361933245255,7.9769151133189,25780900.0
2013-04-25,8.0090800936146,8.0412450739102,7.8723789273581,7.8763995498951,22505200.0
2013-04-26,7.9045439076537,8.1819668627036,7.8643376822842,8.0291832062993,27192500.0
2013-04-29,8.057327564058,8.2865030486645,8.0090800936146,8.242276200758,15918700.0
2013-04-30,8.2623793134427,8.3226886514971,8.1377400147971,8.2824824261275,15061200.0
2013-05-01,8.2342349556841,8.2744411810536,8.1031626609793,8.1819668627036,15127000.0
2013-05-02,8.2141318429993,8.2905236712014,8.1618637500189,8.2221730880732,9394400.0
2013-05-03,8.2945442937384,8.4211939036525,8.2744411810536,8.2945442937384,10923400.0
2013-05-06,8.3066061613492,8.3628948768666,8.2623793134427,8.2985649162753,7597700.0
2013-05-07,8.3347505191079,8.3870186120884,8.2261937106101,8.242276200758,13431300.0
2013-05-08,8.2302143331471,8.4714516853644,8.2181524655362,8.4714516853644,12844300.0
2013-05-09,8.4593898177535,8.7167096601187,8.442905265352,8.5156785332709,15489000.0
2013-05-10,8.5558847586405,8.7006271699708,8.5196991558079,8.6604209446013,12733600.0
2013-05-13,8.6242353417687,8.6564003220643,8.5237197783448,8.5840291163992,8386000.0
2013-05-14,8.5759878713252,8.7287715277295,8.4714516853644,8.6523796995274,18495400.0
2013-05-15,8.6161940966948,8.6202147192317,8.3508330092558,8.4312454599949,21036900.0
2013-05-16,8.4071217247731,8.6604209446013,8.4071217247731,8.5880497389361,17389200.0
2013-05-17,8.600111606547,8.6403178319165,8.4674310628275,8.5518641361035,14610200.0
2013-05-20,8.5398022684926,8.5880899451615,8.4553691952166,8.5156785332709,11266100.0
2013-05-21,8.5357816459557,8.5920703614731,8.4573795064851,8.4875341755122,10930300.0
2013-05-22,8.511657910734,8.6644415671383,8.4875341755122,8.5357816459557,35159200.0
2013-05-23,9.3318649082728,10.031453229703,9.2072256096272,9.9952676268704,87691400.0
2013-05-24,9.8826901958356,9.9631026465748,9.7138240492835,9.7339271619683,29311300.0
2013-05-28,9.8103189901705,9.9309376662791,9.7339271619683,9.9108345535943,19644900.0
2013-05-29,9.8264014803183,10.18672967208,9.8143396127074,10.148051283275,22508000.0
2013-05-30,10.123927548053,10.240525601625,10.071659455073,10.156092528349,23705900.0
2013-05-31,10.111865680442,10.188257508644,9.8103189901705,9.8183602352444,22355500.0
2013-06-03,9.8344427253922,10.075680077609,9.7982571225596,10.011350117018,20681700.0
2013-06-04,9.9872263817965,10.131928586901,9.8183602352444,9.8987726859835,16972300.0
2013-06-05,9.8706283282248,9.9148551761313,9.6977415591357,9.7258859168944,15867900.0
2013-06-06,9.7299065394314,9.8786695732987,9.5328960351206,9.7500096521161,15147700.0
2013-06-07,9.7821746324118,9.9751645141856,9.7540302746531,9.9751645141856,12844300.0
2013-06-10,9.9736398625982,10.036329002043,9.8442171230997,9.9048840322396,14162400.0
2013-06-11,9.8159058988345,9.9574620201609,9.7431056078666,9.8037725170065,12508900.0
2013-06-12,9.9857732444262,10.309330093172,9.9857732444262,10.074751377831,22191000.0
2013-06-13,10.02217338991,10.224396420376,9.9493730989422,10.08284029905,13706100.0
2013-06-14,10.08284029905,10.147551668799,9.9291507958956,10.005995547473,9749100.0
2013-06-17,10.062617996003,10.244618723423,10.050484614175,10.175862893064,13240100.0
2013-06-18,10.179907353674,10.333596856828,10.163729511237,10.289107790126,11493200.0
2013-06-19,10.276974408298,10.463019596327,10.232485341595,10.285063329516,17328200.0
2013-06-20,10.361908081093,10.361908081093,9.9372397171143,9.9979066262541,17810400.0
2013-06-21,10.086884759659,10.131373826362,9.7511945290852,9.7673723715226,23634800.0
2013-06-24,9.6824386987267,9.7067054623827,9.3791041530272,9.4761712076511,15995200.0
2013-06-25,9.5934605653215,9.8199503594438,9.5894161047122,9.6460385532428,14435200.0
2013-06-26,9.7835502139599,9.9129729534583,9.6743497775081,9.710749922992,14482900.0
2013-06-27,9.7511945290852,10.018128929301,9.7431056078666,10.018128929301,15520900.0
2013-06-28,9.9291507958956,10.078795838441,9.9008395716303,10.030262311129,15881500.0
2013-07-01,10.090929220269,10.151596129409,10.030262311129,10.08284029905,9981400.0
2013-07-02,10.066662456613,10.196085196111,10.026217850519,10.119240444534,10293500.0
2013-07-03,10.062617996003,10.220351959767,10.014084468691,10.183951814283,7485900.0
2013-07-05,10.228440880986,10.414486069015,10.192040735502,10.345730238656,12804600.0
2013-07-08,10.398308226577,10.463019596327,10.155640590018,10.179907353674,11145500.0
2013-07-09,10.333596856828,10.361908081093,10.224396420376,10.301241171954,9828700.0
2013-07-10,10.547953269122,10.80275428751,10.394263765968,10.487286359983,33179700.0
2013-07-11,10.608620178262,10.733998457151,10.511553123639,10.669287087402,20139400.0
2013-07-12,10.673331548012,10.71579838441,10.556042190341,10.592442335825,11333800.0
2013-07-15,10.649064784356,10.693553851058,10.56008665095,10.669287087402,8270600.0
2013-07-16,10.68142046923,10.725909535933,10.592442335825,10.697598311668,10876500.0
2013-07-17,10.628842481309,10.713776154105,10.531775426685,10.640975863137,16597500.0
2013-07-18,10.612664638872,10.689509390449,10.487286359983,10.649064784356,10687100.0
2013-07-19,10.527730966076,10.56008665095,10.135418286971,10.167773971846,24885800.0
2013-07-22,10.212263038548,10.390219305359,10.171818432455,10.317419014391,14231500.0
2013-07-23,10.361908081093,10.531775426685,10.361908081093,10.406397147796,11201400.0
2013-07-24,10.446841753889,10.572220032778,10.427671010601,10.56008665095,11263800.0
2013-07-25,10.531775426685,10.628842481309,10.430663911452,10.612664638872,10950300.0
2013-07-26,10.519642044857,10.535819887295,10.422574990233,10.511553123639,7457200.0
2013-07-29,10.499419741811,10.592442335825,10.357863620484,10.38213038414,9059300.0
2013-07-30,10.422574990233,10.535819887295,10.38213038414,10.426619450843,13112000.0
2013-07-31,10.434708372061,10.588397875216,10.343708008352,10.386174844749,18035900.0
2013-08-01,10.430663911452,10.661198166184,10.394263765968,10.608620178262,9522100.0
2013-08-02,10.6247980207,11.234298234525,10.612664638872,10.92004364518,30178500.0
2013-08-05,10.818932129947,10.98071055432,10.818932129947,10.932177027008,8630900.0
2013-08-06,10.956443790664,10.968577172492,10.68142046923,10.693553851058,10890500.0
2013-08-07,10.661198166184,10.80275428751,10.608620178262,10.794665366291,8030300.0
2013-08-08,10.875554578478,10.891732420915,10.701642772277,10.867465657259,9960000.0
2013-08-09,10.810843208729,10.960488251274,10.717820614714,10.827021051166,11150100.0
2013-08-12,10.786576445073,10.857354505736,10.721865075324,10.814887669338,8746300.0
2013-08-13,10.928132566399,11.154622360521,10.907910263353,11.04137746346,17994700.0
2013-08-14,11.029244081632,11.049466384679,10.899821342134,10.992843936148,10399900.0
2013-08-15,10.822976590557,10.855372720037,10.446841753889,10.495375281201,15054800.0
2013-08-16,10.495375281201,10.746131838979,10.483241899373,10.68546492984,15088600.0
2013-08-19,10.636931402528,10.729953996542,10.436730602366,10.467064056936,11810500.0
2013-08-20,10.463019596327,10.523039391769,10.339663547742,10.450886214499,10686500.0
2013-08-21,10.487286359983,10.531775426685,10.206196347634,10.26484102647,25730100.0
2013-08-22,9.3831486136366,9.3993264560739,8.8209685889402,8.9867914739226,67670500.0
2013-08-23,8.9867914739226,9.0798140679371,8.9261245647827,9.0595917648905,22067000.0
2013-08-26,9.0434139224532,9.1566588195143,8.9989248557506,9.0070137769692,17461600.0
2013-08-27,8.9220801041734,9.0515028436718,8.8654576556428,8.8937688799081,16716300.0
2013-08-28,8.9099467223454,9.1607032801236,8.9059022617361,9.1445254376863,18371400.0
2013-08-29,9.1121697528117,9.1768811225609,9.0474988276686,9.1081252922024,11186600.0
2013-08-30,9.0717251467185,9.0879029891558,8.978702552704,9.0353250012345,12125500.0
2013-09-03,9.0959919103744,9.1809255831703,9.0191471587972,9.0474583830625,13731300.0
2013-09-04,9.0434139224532,9.1485698982957,9.0070137769692,9.0070137769692,13818700.0
2013-09-05,9.0070137769692,9.0070137769692,8.9018578011268,8.9463468678294,15236700.0
2013-09-06,9.0151026981879,9.1364365164677,8.9180356435641,9.0676806861091,14231000.0
2013-09-09,9.08992731766,9.1387760090223,9.0532907991383,9.1021394905006,10543700.0
2013-09-10,8.9840884863751,9.1265638361817,8.9189568978921,9.0655029719789,17345600.0
2013-09-11,9.0817858690997,9.1062102147808,9.0288664534572,9.0655029719789,11297800.0
2013-09-12,9.0410786262978,9.0777558520623,8.8782496550902,8.9393105192931,19889200.0
2013-09-13,8.9393105192931,9.0081057596283,8.8355070501483,8.9840884863751,12872600.0
2013-09-16,9.0736444205393,9.0939980419402,8.829400963728,8.8497545851289,14837300.0
2013-09-17,8.8863911036506,8.9555934164138,8.7276328567233,8.8212595151676,15380500.0
2013-09-18,8.7601986509648,8.9311690707327,8.7601986509648,8.87214356867,13116200.0
2013-09-19,8.9189568978921,8.9433812435733,8.6584305439601,8.6747134410808,17026400.0
2013-09-20,8.7194914081629,8.7907290830662,8.6380769225592,8.6380769225592,28151400.0
2013-09-23,8.634006198279,8.7032085110422,8.5322380912743,8.6299354739988,14024300.0
2013-09-24,8.6462183711195,8.7398450295639,8.5586977990955,8.6462183711195,13049300.0
2013-09-25,8.6584305439601,8.7194914081629,8.5566624369554,8.7113499596025,17279700.0
2013-09-26,8.6584305439601,8.7886937209261,8.6462183711195,8.6706427168007,10444500.0
2013-09-27,8.6380769225592,8.7317035810035,8.5810867826365,8.6177233011582,10044100.0
2013-09-30,8.5240966427139,8.5810867826365,8.4752479513516,8.5444502641148,13650500.0
2013-10-01,8.5281673669941,8.678784165361,8.5281673669941,8.6747134410808,10257500.0
2013-10-02,8.6706427168007,8.8009058937667,8.6299761812416,8.7113499596025,16227800.0
2013-10-03,8.7072792353223,8.7194914081629,8.4671065027913,8.5159551941535,12740700.0
2013-10-04,8.5240966427139,8.6747134410808,8.4996722970328,8.6543598196799,10113700.0
2013-10-07,8.548520988395,8.6258647497186,8.4803363567019,8.5200259184337,13986600.0
2013-10-08,8.5037430213129,8.5240966427139,8.2432166673809,8.4467528813903,17752400.0
2013-10-09,8.4548943299507,9.2649684617081,8.2818885480427,9.1998368732251,55970400.0
2013-10-10,9.3687719308529,9.5702727827222,8.980017762095,9.0858565933798,33998100.0
2013-10-11,9.1143516633412,9.3626658444326,9.0573615234185,9.2812513588289,18149900.0
2013-10-14,9.2079783217855,9.3585951201524,9.1163870254813,9.3219586016308,11011000.0
2013-10-15,9.30567570451,9.3463829473119,9.2039075975053,9.2771806345487,13452500.0
2013-10-16,9.3341707744713,9.5031058320991,9.2853220831091,9.4766461242779,17397300.0
2013-10-17,9.4155852600751,9.5377069884807,9.3504536715921,9.5193887292199,9806800.0
2013-10-18,9.5784142312826,9.6191214740845,9.456292502877,9.5580606098817,14360400.0
2013-10-21,9.5743435070024,9.6801823382873,9.5458484370411,9.586555679843,9412700.0
2013-10-22,9.5987678526835,9.9284965193788,9.5600959720218,9.7900918938524,16356400.0
2013-10-23,9.7046066839684,9.7575260996109,9.6191214740845,9.6720408897269,9147000.0
2013-10-24,9.6801823382873,9.7860211695722,9.6679701654467,9.7208895810892,9049000.0
2013-10-25,9.8023040666929,9.8104455152533,9.6883237868477,9.7697382724514,8360500.0
2013-10-28,9.7656675481713,9.8063747909731,9.6557579926062,9.7127481325288,12371400.0
2013-10-29,9.7534553753307,9.8104455152533,9.6231921983647,9.7046066839684,11287000.0
2013-10-30,9.7127481325288,9.8918600008571,9.7127481325288,9.8511527580552,11615700.0
2013-10-31,9.8226576880939,10.001769556422,9.8063747909731,9.9203550708184,13802800.0
2013-11-01,9.9732744864608,10.644943992692,9.9732744864608,10.551317334248,34178400.0
2013-11-04,10.559458782808,10.559458782808,10.376276190199,10.490256470045,15111900.0
2013-11-05,10.465832124364,10.465832124364,10.237871564673,10.368134741639,13095300.0
2013-11-06,10.408841984441,10.478044297204,10.349816482378,10.425124881562,12642400.0
2013-11-07,10.445478502963,10.697863408334,10.433266330122,10.457690675803,14833500.0
2013-11-08,10.412912708721,10.561575559434,10.38034691448,10.559458782808,15117900.0
2013-11-11,10.543175885687,10.82405586102,10.486185745765,10.726358478296,12233400.0
2013-11-12,10.661226889813,10.82405586102,10.649014716972,10.673439062653,9934200.0
2013-11-13,10.640873268412,10.789454704639,10.60423674989,10.783348618218,9289300.0
2013-11-14,10.482115021484,10.559458782808,10.111679111987,10.205305770432,26392100.0
2013-11-15,10.237871564673,10.303003153156,10.127962009108,10.262295910354,19314800.0
2013-11-18,10.307073877436,10.331498223117,10.16052780335,10.17681070047,11593000.0
2013-11-19,10.270437358915,10.331498223117,10.132032733388,10.17273997619,13023300.0
2013-11-20,10.16459852763,10.282649531755,10.083184042026,10.152386354789,17707900.0
2013-11-21,10.258225186074,10.274508083195,10.16459852763,10.189022873311,11265800.0
2013-11-22,10.17681070047,10.315215325997,10.119820560548,10.282649531755,10744300.0
2013-11-25,10.311144601716,10.376276190199,10.241942288953,10.307073877436,13955600.0
2013-11-26,10.262295910354,10.359993293079,10.213447218992,10.213447218992,25622100.0
2013-11-27,10.917682519464,11.267764807561,10.213447218992,11.137501630595,52192400.0
2013-11-29,11.007238453629,11.210774667638,10.995026280788,11.133430906314,11988000.0
2013-12-02,11.088652939232,11.194491770517,11.052016420711,11.121218733474,14408500.0
2013-12-03,11.084582214952,11.304401326082,11.064228593551,11.194491770517,17916300.0
2013-12-04,11.418381605928,11.68297868414,11.393957260246,11.450947400169,34062500.0
2013-12-05,11.45908884873,11.47130102157,11.003574801776,11.092723663513,22038900.0
2013-12-06,11.239269737599,11.442805951609,11.231128289039,11.275906256121,17175400.0
2013-12-09,11.299157516164,11.327804420407,11.129322298156,11.151830580061,15482100.0
2013-12-10,11.049520207767,11.157969202399,10.967671909931,11.065889867334,14763100.0
2013-12-11,10.98813398439,11.123183675819,10.98813398439,11.045427792875,15751300.0
2013-12-12,11.069982282226,11.094536771576,10.812160144044,10.885823612096,13422400.0
2013-12-13,10.914470516339,11.000411229066,10.758958750451,10.955394665256,11757700.0
2013-12-16,10.943117420581,11.066912971057,10.91856293123,11.008596058849,12428500.0
2013-12-17,11.270510611922,11.401467888459,11.184569899195,11.233678877896,19131300.0
2013-12-18,11.200939558762,11.262325782139,10.906285686555,11.258233367247,15155400.0
2013-12-19,11.274603026814,11.552887239454,11.258683532885,11.47513135651,15935700.0
2013-12-20,11.491501016077,11.536517579887,11.372820984216,11.372820984216,20481500.0
2013-12-23,11.454669282052,11.499685845861,11.356451324649,11.479223771402,9427700.0
2013-12-24,11.458761696943,11.538563787333,11.405519379201,11.524240335212,4983400.0
2013-12-26,11.540609994779,11.743184531921,11.536517579887,11.585626558588,7792300.0
2013-12-27,11.634735537289,11.638827952181,11.523831093722,11.536517579887,6848300.0
2013-12-30,11.556979654346,11.565164484129,11.438299622484,11.487408601186,7302600.0
2013-12-31,11.426022377809,11.581534143696,11.389190643783,11.45057686716,9961400.0
2014-01-02,11.409652718242,11.548794824562,11.23163267045,11.319619590623,13028200.0
2014-01-03,11.340081665082,11.663382441532,11.33598925019,11.597903803263,12675300.0
2014-01-06,11.581534143696,11.663382441532,11.417837548026,11.577441728805,10241000.0
2014-01-07,11.634735537289,11.68384451599,11.40556030335,11.532425164995,14321400.0
2014-01-08,11.532425164995,11.540609994779,11.196888068019,11.233678877896,15212800.0
2014-01-09,11.282787856597,11.407606510796,11.192754728979,11.299157516164,18030200.0
2014-01-10,11.348266494866,11.364472457837,11.160015409844,11.33598925019,14325800.0
2014-01-13,11.340081665082,11.782062473393,11.33598925019,11.507870675645,19713400.0
2014-01-14,11.507870675645,11.806616962743,11.495593430969,11.806616962743,14852600.0
2014-01-15,11.827079037202,11.896650090362,11.679752101099,11.802524547852,16377900.0
2014-01-16,12.072623930708,12.203581207245,11.917112164821,12.097178420059,22064600.0
2014-01-17,12.174934303002,12.297706749755,12.142194983868,12.195396377461,16056400.0
2014-01-21,12.195396377461,12.260875015729,12.052161856249,12.236320526379,12086500.0
2014-01-22,12.125825324301,12.330446068889,12.056254271141,12.211766037028,10237500.0
2014-01-23,12.039884611574,12.166749473219,11.89255767547,12.019422537115,9905300.0
2014-01-24,11.884372845687,11.949851483955,11.618365877722,11.65929002664,17016600.0
2014-01-27,11.675659686207,11.904834920146,11.61427346283,11.704306590449,15924800.0
2014-01-28,11.692029345774,11.900742505254,11.65929002664,11.86800318612,12407000.0
2014-01-29,11.835263866986,11.929389409496,11.765692813826,11.876188015903,13915700.0
2014-01-30,11.929389409496,12.039884611574,11.900742505254,11.970313558414,9095700.0
2014-01-31,11.843448696769,11.945759069063,11.761600398934,11.86800318612,12934300.0
2014-02-03,11.89255767547,11.986683217981,11.442392037376,11.47513135651,14655400.0
2014-02-04,11.516055505428,11.626550707506,11.413745133134,11.593811388372,9581300.0
2014-02-05,11.528332750103,11.638827952181,11.417837548026,11.462854111835,10278000.0
2014-02-06,11.552887239454,11.7288610798,11.540609994779,11.65929002664,6693700.0
2014-02-07,11.745230739367,11.933481824388,11.741138324475,11.896650090362,7537300.0
2014-02-10,11.872095601012,11.960082521185,11.720676250016,11.790247303176,7813700.0
2014-02-11,11.818894207419,12.068531515816,11.786154888285,12.015330122223,8613600.0
2014-02-12,12.015330122223,12.191303962569,12.015330122223,12.039884611574,9725500.0
2014-02-13,11.994868047765,12.244505356162,11.941666654172,12.207673622136,9492600.0
2014-02-14,12.219950866812,12.326353653998,12.161061016519,12.28542950508,9514000.0
2014-02-18,12.277244675296,12.297706749755,12.10127083495,12.105363249842,11250800.0
2014-02-19,12.043977026466,12.183119132786,11.974405973306,12.052161856249,14889200.0
2014-02-20,11.998960462656,12.391832292266,11.908927335038,12.35500055824,26730100.0
2014-02-21,12.530974398586,12.567806132612,12.072623930708,12.191303962569,29806400.0
2014-02-24,12.138102568976,12.346815728456,12.052161856249,12.244505356162,14418000.0
2014-02-25,12.203581207245,12.277244675296,12.099224627505,12.228135696595,9205400.0
2014-02-26,12.240412941271,12.359092973132,12.199488792353,12.236320526379,9007000.0
2014-02-27,12.162657058327,12.23325121521,12.125825324301,12.174934303002,11122000.0
2014-02-28,12.211766037028,12.4245716114,12.134010154085,12.228135696595,13148800.0
2014-03-03,11.974405973306,12.21585845192,11.794339718068,12.166749473219,12456000.0
2014-03-04,12.248597771054,12.375462632699,12.219991790961,12.326353653998,13336700.0
2014-03-05,12.326353653998,12.338630898673,12.21585845192,12.252690185946,6507200.0
2014-03-06,12.273152260405,12.359092973132,12.21585845192,12.314076409322,7135200.0
2014-03-07,12.379555047591,12.473680590101,12.291568127418,12.416386781616,9285400.0
2014-03-10,12.357426716981,12.441728629693,12.275180948482,12.295742390607,7427800.0
2014-03-11,12.336865274857,12.443784773905,12.246394929508,12.299854679032,7073200.0
2014-03-12,12.258731794783,12.271068660057,12.094240257785,12.168261449434,7404300.0
2014-03-13,12.188822891558,12.275180948482,11.822829221738,11.888625836537,13214100.0
2014-03-14,11.872176682837,12.08190339251,11.855727529137,11.954422451336,8117000.0
2014-03-17,12.028443642985,12.210864757516,12.020219066135,12.123026276759,7074100.0
2014-03-18,12.349202140132,12.595939445629,12.295742390607,12.567153426654,19156500.0
2014-03-19,12.583602580354,13.052403460798,12.571265715079,13.003055999699,23166800.0
2014-03-20,12.9537085386,13.32792678527,12.9372593849,12.94548396175,23917900.0
2014-03-21,13.089414056623,13.246914703299,13.015392864974,13.138761517722,23672600.0
2014-03-24,13.167547536697,13.245681016771,12.994831422849,13.007168288124,13328800.0
2014-03-25,13.085301768198,13.389611111644,13.056515749223,13.389611111644,17230000.0
2014-03-26,13.475969168568,13.617843119229,13.295028477871,13.30325305472,17237700.0
2014-03-27,13.225119574646,13.278579324171,13.015392864974,13.130536940872,12374400.0
2014-03-28,13.237456439921,13.38549882322,13.134649229297,13.175772113547,11122700.0
2014-03-31,13.278579324171,13.400097447128,13.262130170471,13.307365343145,8803500.0
2014-04-01,13.282691612596,13.755604781465,13.278579324171,13.665134436116,16457900.0
2014-04-02,13.710369608791,13.841962838389,13.574664090767,13.821401396264,14189500.0
2014-04-03,13.825513684689,13.833738261539,13.504755187543,13.570551802342,15483300.0
2014-04-04,13.665134436116,13.76794164674,13.32792678527,13.422509419044,13662800.0
2014-04-07,13.529428918093,13.611674686592,13.36904966952,13.447183149594,12201000.0
2014-04-08,13.443070861169,13.480081456993,13.134649229297,13.34437593897,13600200.0
2014-04-09,13.422509419044,13.521204341243,13.274467035746,13.455407726444,12587300.0
2014-04-10,13.693920455091,13.940657760588,13.484193745418,13.488306033843,25617800.0
2014-04-11,13.393723400069,13.545878071793,13.278579324171,13.34437593897,18736000.0
2014-04-14,13.406060265344,13.689808166666,13.389611111644,13.529428918093,13850800.0
2014-04-15,13.566439513917,13.570551802342,13.107919354535,13.31970220842,13160400.0
2014-04-16,13.406060265344,13.611674686592,13.278579324171,13.36082509267,11551300.0
2014-04-17,13.278579324171,13.36082509267,12.933147096475,13.130536940872,21235000.0
2014-04-21,13.175772113547,13.340263650545,13.109975498748,13.134649229297,15289800.0
2014-04-22,13.114087787173,13.188108978822,13.007168288124,13.064740326073,13541100.0
2014-04-23,13.093526345048,13.142873806147,12.990719134424,13.052403460798,8790500.0
2014-04-24,13.134649229297,13.192221267247,13.056515749223,13.159322959847,11635700.0
2014-04-25,13.089414056623,13.130536940872,12.924922519625,12.986606845999,9104900.0
2014-04-28,13.015392864974,13.295028477871,12.9537085386,13.237456439921,10631600.0
2014-04-29,13.455407726444,13.607562398167,13.414284842194,13.554102648643,12261600.0
2014-04-30,13.480081456993,13.681583589816,13.422632787697,13.595225532892,11338200.0
2014-05-01,13.619899263442,13.685695878241,13.373161957945,13.422509419044,8956900.0
2014-05-02,13.463632303294,13.484193745418,13.31970220842,13.36082509267,6418500.0
2014-05-05,13.278579324171,13.397835688494,13.171659825122,13.364937381095,7027000.0
2014-05-06,13.356712804245,13.406060265344,13.200445844097,13.212782709372,7052400.0
2014-05-07,13.299140766296,13.348488227395,13.09558248926,13.290916189446,8460700.0
2014-05-08,13.278579324171,13.492418322268,13.196333555672,13.253905593621,6690200.0
2014-05-09,13.253905593621,13.323814496845,13.159322959847,13.307365343145,5603000.0
2014-05-12,13.323814496845,13.525316629668,13.315589919995,13.496530610693,5983100.0
2014-05-13,13.537653494943,13.710369608791,13.492418322268,13.685695878241,7346200.0
2014-05-14,13.624011551867,13.710328485907,13.529428918093,13.558214937068,6792000.0
2014-05-15,13.558214937068,13.607562398167,13.30325305472,13.32792678527,7216200.0
2014-05-16,13.31147763157,13.373161957945,13.235400295709,13.373161957945,8030100.0
2014-05-19,13.38549882322,13.639514879229,13.354656660032,13.615786975017,10141300.0
2014-05-20,13.628123840292,13.669246724541,13.442906369632,13.488306033843,8765900.0
2014-05-21,13.562327225492,13.609207313537,13.315589919995,13.373161957945,10259300.0
2014-05-22,13.34437593897,13.718594185641,12.834452174276,13.068852614498,32458800.0
2014-05-23,13.286803901021,14.018791240662,13.258017882046,13.866636568939,40760000.0
2014-05-27,13.77616622359,13.837850549964,13.488306033843,13.611674686592,20948600.0
2014-05-28,13.591113244467,13.80906453099,13.570551802342,13.714481897216,9502700.0
2014-05-29,13.74326791619,13.911871741613,13.706257320366,13.833738261539,9858000.0
2014-05-30,13.80083995414,13.899534876339,13.718594185641,13.77616622359,12427900.0
2014-06-02,13.722706474066,13.833738261539,13.591113244467,13.747380204615,10206200.0
2014-06-03,13.74326791619,13.903647164764,13.665134436116,13.854299703664,8078100.0
2014-06-04,13.796727665715,13.928320895313,13.75971706989,13.883085722639,5664500.0
2014-06-05,13.862524280514,13.940657760588,13.80083995414,13.928320895313,6225100.0
2014-06-06,13.915984030038,13.977668356413,13.887198011064,13.915984030038,5985200.0
2014-06-09,13.919998813106,14.015029971522,13.820835865195,13.940657760588,6783000.0
2014-06-10,13.895208076129,13.981975655551,13.833231233684,13.886944497136,4694500.0
2014-06-11,13.824967654691,13.895208076129,13.692750390809,13.738200075268,5715000.0
2014-06-12,13.940657760588,14.172037972382,13.754727233254,13.796045128217,12562500.0
2014-06-13,14.048084287492,14.543899027051,13.969580287062,14.527371869066,22186500.0
2014-06-16,14.486053974102,14.486053974102,14.308387025761,14.419945342161,10025300.0
2014-06-17,14.419945342161,14.490185763599,14.345573131228,14.424077131658,6945100.0
2014-06-18,14.436472500147,14.452999658132,14.217487656842,14.341441341731,6353200.0
2014-06-19,14.333177762739,14.378627447198,14.188565130367,14.246410183316,5966200.0
2014-06-20,14.267069130797,14.27533270979,14.134851866915,14.138983656412,10980200.0
2014-06-23,14.205092288353,14.271200920294,14.052216076989,14.262937341301,8209500.0
2014-06-24,14.271200920294,14.283596288783,14.019161761018,14.027425340011,9885500.0
2014-06-25,13.986107445048,13.986107445048,13.820835865195,13.878680918143,10121500.0
2014-06-26,13.948921339581,14.027425340011,13.874549128647,14.010898182026,6577800.0
2014-06-27,13.99437102404,14.056347866485,13.911735234114,14.010898182026,9116000.0
2014-06-30,14.002634603033,14.056347866485,13.899339865625,13.91586702361,7081800.0
2014-07-01,14.019161761018,14.221619446338,13.91586702361,14.122456498426,8635000.0
2014-07-02,14.134851866915,14.147247235404,13.990239234544,13.998502813537,8961200.0
2014-07-03,14.064611445478,14.0955998667,14.013997024148,14.048084287492,4860500.0
2014-07-07,14.010898182026,14.048084287492,13.911735234114,13.99437102404,6907100.0
2014-07-08,13.998502813537,14.019161761018,13.812572286202,13.841494812676,7179700.0
2014-07-09,13.862153760158,13.96131670807,13.845626602173,13.903471655121,5683500.0
2014-07-10,13.816704075698,14.052216076989,13.734068285772,13.986107445048,8630400.0
2014-07-11,14.019161761018,14.122456498426,14.002634603033,14.035688919003,6458900.0
2014-07-14,14.130720077419,14.188565130367,14.052216076989,14.110061129937,10877500.0
2014-07-15,14.192696919864,14.24227839382,14.048084287492,14.110061129937,7717900.0
2014-07-16,14.221619446338,14.51084471108,14.221619446338,14.386891026191,19258800.0
2014-07-17,14.262937341301,14.395154605183,14.229883025331,14.382759236694,13630200.0
2014-07-18,14.262937341301,14.395154605183,14.229883025331,14.382759236694,10370800.0
2014-07-21,14.370363868205,14.395154605183,14.209224077849,14.262937341301,7301200.0
2014-07-22,14.27533270979,14.581085132518,14.262937341301,14.523240079569,8166100.0
2014-07-23,14.531503658562,14.605875869496,14.452999658132,14.452999658132,6425900.0
2014-07-24,14.514976500577,14.535635448058,14.407549973672,14.47779039511,7584800.0
2014-07-25,14.362100289213,14.696775238415,14.324914183746,14.638930185466,8215400.0
2014-07-28,14.626534816977,14.7133023964,14.564557974533,14.709170606904,6787200.0
2014-07-29,14.754620291363,14.961209766179,14.709170606904,14.849651449779,12212800.0
2014-07-30,14.874442186757,14.955012081935,14.808333554816,14.919891871216,9724200.0
2014-07-31,14.762883870356,14.816597133808,14.647193764459,14.7133023964,10709200.0
2014-08-01,14.597612290503,14.638930185466,14.24227839382,14.539767237555,11871500.0
2014-08-04,14.576953343022,14.647193764459,14.461263237125,14.597612290503,6478400.0
2014-08-05,14.506712921584,14.597612290503,14.386891026191,14.490185763599,5641100.0
2014-08-06,14.324914183746,14.576953343022,14.234014814827,14.47779039511,6112100.0
2014-08-07,14.552162606044,14.618271237985,14.322435110048,14.386891026191,6438200.0
2014-08-08,14.366232078709,14.550096711295,14.308387025761,14.531503658562,5649000.0
2014-08-11,14.638930185466,14.68024808043,14.51084471108,14.543899027051,5976000.0
2014-08-12,14.576953343022,14.597612290503,14.403418184176,14.51084471108,4844500.0
2014-08-13,14.568689764029,14.638930185466,14.481922184606,14.585216922014,6787200.0
2014-08-14,14.585216922014,14.715368291148,14.444736079139,14.705038817408,9824200.0
2014-08-15,14.762883870356,14.771147449349,14.425895119036,14.490185763599,11510500.0
2014-08-18,14.671984501437,14.684379869926,14.552162606044,14.601744079999,9582800.0
2014-08-19,14.671984501437,14.779411028341,14.581085132518,14.659589132948,8787200.0
2014-08-20,14.75875208086,14.75875208086,14.407549973672,14.51084471108,18762100.0
2014-08-21,14.622403027481,15.450826821494,14.572821553525,15.287621136389,39516000.0
2014-08-22,15.225644293944,15.316543662863,15.143008504018,15.221512504448,14398700.0
2014-08-25,15.283489346893,15.436365558256,15.19672176747,15.349597978834,10954900.0
2014-08-26,15.386784084301,15.754513349473,15.333070820848,15.630559664583,13922300.0
2014-08-27,15.618164296095,15.783435875947,15.51073776919,15.766908717962,9715500.0
2014-08-28,15.659482191058,15.737986191488,15.535528506168,15.696668296525,6971600.0
2014-08-29,15.71319545451,15.774676482215,15.624361980339,15.700800086021,6211900.0
2014-09-02,15.700800086021,15.729722612495,15.560319243146,15.721459033503,7224400.0
2014-09-03,15.754513349473,15.804094823429,15.717327244006,15.729722612495,6854500.0
2014-09-04,15.721459033503,15.804094823429,15.485947032212,15.560319243146,8634600.0
2014-09-05,15.531396716672,15.560319243146,15.359927452574,15.527264927175,11257300.0
2014-09-08,15.456971306732,15.548260801698,15.398877991753,15.469419874227,7366700.0
2014-09-09,15.403027514252,15.416513462372,15.199700911828,15.266093271803,10295000.0
2014-09-10,15.324186586781,15.382279901759,15.249495181809,15.365681811766,7857700.0
2014-09-11,15.35323324427,15.365681811766,15.154056164345,15.253644704307,8032700.0
2014-09-12,15.253644704307,15.290990406794,15.145757119348,15.170654254338,7634100.0
2014-09-15,15.162355209342,15.16650473184,14.990150025656,15.042019056886,7274300.0
2014-09-16,15.037869534388,15.075215236874,14.942430516924,15.046168579385,7657200.0
2014-09-17,15.075215236874,15.29928945179,15.050318101883,15.216299001821,8730000.0
2014-09-18,15.199700911828,15.396803230504,15.183102821834,15.357382766769,7840200.0
2014-09-19,15.423775126744,15.510915099211,15.237046614314,15.266093271803,11746800.0
2014-09-22,15.432074171741,15.432074171741,15.100112371865,15.133308551852,6644314.0
2014-09-23,15.062766669379,15.178953299335,14.846991499459,14.851141021958,10899532.0
2014-09-24,14.842841976961,14.938280994425,14.651963942032,14.917533381933,11680537.0
2014-09-25,14.929981949428,14.934131471927,14.593870627054,14.635365852038,8148728.0
2014-09-26,14.618767762044,14.730804869503,14.535777312075,14.676861077023,9727364.0
2014-09-29,14.544076357072,14.581422059558,14.369796412137,14.510880177085,9154625.0
2014-09-30,14.602169672051,14.793047706979,14.548225879571,14.718356302007,10738821.0
2014-10-01,14.68516012202,14.689309644518,14.274357394673,14.33660023215,13528782.0
2014-10-02,14.36149736714,14.436188772113,14.079329837246,14.320002142156,9424911.0
2014-10-03,14.382244979633,14.639515374537,14.382244979633,14.606319194549,9258250.0
2014-10-06,15.394728469255,15.573157936688,15.158205686843,15.29928945179,55748880.0
2014-10-07,15.149906641846,15.295139929292,14.581422059558,14.614618239546,22754561.0
2014-10-08,14.477683997097,14.950729561921,14.398843069626,14.905084814438,17112604.0
2014-10-09,14.851141021958,14.880187679447,14.220413602193,14.241161214685,13986402.0
2014-10-10,14.191366944704,14.320002142156,13.892601324815,13.900900369812,14382539.0
2014-10-13,13.784713739856,13.851106099831,13.373911012509,13.564789047438,20026877.0
2014-10-14,13.564789047438,13.685125199893,13.340714832521,13.378060535007,13079585.0
2014-10-15,13.527443344952,13.743218514871,13.120790140103,13.610433794921,19923199.0
2014-10-16,13.174733932583,14.178918377209,13.15813584259,14.108376494735,23421155.0
2014-10-17,14.216264079695,14.307553574661,14.021236522267,14.17476885471,15444295.0
2014-10-20,13.701723289887,14.091778404741,13.685125199893,14.033685089763,14209464.0
2014-10-21,14.220413602193,14.446562578359,14.183067899707,14.41544115962,12050174.0
2014-10-22,14.411291637122,14.479758758346,14.295105007165,14.311703097159,13381200.0
2014-10-23,14.411291637122,14.610468717048,14.402992592125,14.498431609589,10046789.0
2014-10-24,14.52332874458,14.697608689515,14.413366398371,14.494282087091,12670464.0
2014-10-27,14.502581132088,14.693459167017,14.440338294611,14.647814419534,10092266.0
2014-10-28,14.697608689515,14.842841976961,14.681010599521,14.747402959496,12515772.0
2014-10-29,14.743253436998,14.938280994425,14.539926834574,14.681010599521,13955868.0
2014-10-30,14.755702004493,14.842841976961,14.610468717048,14.65611346453,14134823.0
2014-10-31,14.834542931964,14.917533381933,14.722505824506,14.888486724444,20048201.0
2014-11-03,14.950729561921,15.000523831902,14.842841976961,14.880187679447,12497140.0
2014-11-04,14.934131471927,15.104261894363,14.849066260708,14.896785769441,10210882.0
2014-11-05,15.008822876899,15.075215236874,14.880229174672,15.012972399397,7441257.0
2014-11-06,14.950729561921,15.11256093936,14.934131471927,15.000523831902,6993044.0
2014-11-07,15.046168579385,15.114635700609,14.946580039422,15.095962849366,8997169.0
2014-11-10,15.154056164345,15.373980856763,15.145757119348,15.311738019286,9578223.0
2014-11-11,15.311738019286,15.373980856763,15.162355209342,15.253644704307,7144801.0
2014-11-12,15.212149479323,15.29928945179,15.137458074351,15.149906641846,6307247.0
2014-11-13,15.187252344332,15.255719465557,15.029570489391,15.087663804369,7678962.0
2014-11-14,15.120859984357,15.378130379261,15.116710461859,15.320037064283,6335778.0
2014-11-17,15.237046614314,15.560709369193,15.237046614314,15.523363666707,8397498.0
2014-11-18,15.614653161673,15.685195044146,15.544111279199,15.560709369193,5985330.0
2014-11-19,15.564858891691,15.56900841419,15.390578946756,15.427924649242,5519646.0
2014-11-20,15.361532289267,15.456971306732,15.282691361797,15.324186586781,7351127.0
2014-11-21,15.465270351729,15.539961756701,15.315887541784,15.46112082923,13061034.0
2014-11-24,15.577307459187,15.685195044146,15.48809272547,15.560709369193,10875132.0
2014-11-25,15.560709369193,15.871923556577,15.560709369193,15.614653161673,19081051.0
2014-11-26,15.510915099211,16.299324373917,15.456971306732,16.249530103936,25833976.0
2014-11-28,16.079399681499,16.421984258971,16.037904456515,16.208034878951,7701533.0
2014-12-01,15.975661619038,16.253679626434,15.950764484047,16.000558754029,14106430.0
2014-12-02,15.913418781561,16.31799722516,15.805531196602,16.162390131468,9672350.0
2014-12-03,16.091848248995,16.324221508908,16.087698726496,16.203885356453,11076464.0
2014-12-04,16.203885356453,16.286875806422,16.05035302401,16.21218440145,7486675.0
2014-12-05,16.228782491444,16.45285670636,16.191436788958,16.411361481375,8968552.0
2014-12-08,16.146292659893,16.208794437932,15.87961840693,16.025455889019,12073690.0
2014-12-09,15.642111650385,15.987954822196,15.558775946334,15.917119473753,10550977.0
2014-12-10,15.646278435587,15.912952688551,15.533775235118,15.567109516739,13757636.0
2014-12-11,15.542108805523,16.207752741631,15.542108805523,16.029622674222,12335247.0
2014-12-12,15.921286258956,16.073373918849,15.777532169468,15.837950554905,13326458.0
2014-12-15,15.854617695715,15.933786614563,15.587943442751,15.671279146802,12441238.0
2014-12-16,15.508774523903,15.962954110981,15.462939886675,15.550442375928,11409818.0
2014-12-17,15.850450910512,16.150459445096,15.796282702879,16.104624807868,11533386.0
2014-12-18,16.28796335678,16.600472246972,16.233795149147,16.592138676567,12488399.0
2014-12-19,16.575471535756,16.775477225479,16.533803683731,16.625472958187,18596573.0
2014-12-22,16.658807239808,16.837979003517,16.46713512049,16.583805106162,10821949.0
2014-12-23,16.642140098997,16.917147922366,16.637973313795,16.817145077505,9665037.0
2014-12-24,16.862979714733,17.012983982025,16.850479359125,16.892147211151,5536189.0
2014-12-26,16.887980425948,17.062985404455,16.87548007034,16.958815774391,4895414.0
2014-12-29,16.908814351961,17.042151478442,16.833812218315,16.962982559594,7398986.0
2014-12-30,16.904647566758,17.029651122835,16.896313996353,16.967149344796,5760168.0
2014-12-31,16.979649700404,17.008817196822,16.708808662238,16.721309017846,7211852.0
2015-01-02,16.692141521428,16.867146499935,16.492135831705,16.767143655074,9811875.0
2015-01-05,16.583805106162,16.704641877036,16.362965490426,16.487969046503,10832953.0
2015-01-06,16.612972602579,16.758810084669,16.217128008337,16.362965490426,11988458.0
2015-01-07,16.475468690895,16.562971180149,16.346298349616,16.554637609744,10508060.0
2015-01-08,16.717142232643,17.03798469324,16.700475091833,16.950482203986,9811687.0
2015-01-09,17.017150767227,17.125487182493,16.756726692068,16.946315418784,9677131.0
2015-01-12,16.950482203986,17.000483626417,16.571304750554,16.633806528592,8957347.0
2015-01-13,16.650473669402,16.946315418784,16.437967624072,16.587971891364,11569405.0
2015-01-14,16.454634764882,16.471260237841,16.162959800704,16.442134409275,10376620.0
2015-01-15,16.442134409275,16.517094875069,15.904619118145,15.912952688551,13776445.0
2015-01-16,15.783782347271,16.064206991403,15.658778791195,15.975454466589,12977364.0
2015-01-20,16.017122318614,16.208794437932,15.88003508545,16.09212445226,10240227.0
2015-01-21,16.008788748209,16.23796193435,15.958787325779,16.071290526248,8391480.0
2015-01-22,16.217128008337,16.704641877036,16.07545731145,16.692141521428,11681829.0
2015-01-23,16.650473669402,16.771310440276,16.567137965351,16.700475091833,7141784.0
2015-01-26,16.558804394946,16.558804394946,16.119208556077,16.183793726716,11265039.0
2015-01-27,15.608777368764,15.771281991664,15.300435263775,15.567109516739,17203020.0
2015-01-28,15.762948421259,15.878368371369,15.462939886675,15.483773812688,10656259.0
2015-01-29,15.542108805523,15.787949132474,15.312935619383,15.725447354436,10151800.0
2015-01-30,15.592110227954,15.617110939169,15.025427440407,15.054594936825,17496985.0
2015-02-02,15.108763144458,15.233766700534,14.767086757848,15.196265633711,15459372.0
2015-02-03,15.29210169337,15.750448065651,15.29210169337,15.737947710043,14610299.0
2015-02-04,15.671279146802,15.954620540576,15.671279146802,15.792115917676,10479717.0
2015-02-05,15.821283414094,15.908785903348,15.750448065651,15.812949843689,6312445.0
2015-02-06,15.808783058487,16.104624807868,15.762948421259,15.812949843689,8381638.0
2015-02-09,15.762948421259,15.76503181386,15.546275590726,15.68377950241,7968230.0
2015-02-10,15.787949132474,15.962954110981,15.692113072815,15.787949132474,7781549.0
2015-02-11,15.787949132474,16.017122318614,15.783782347271,15.908785903348,7953489.0
2015-02-12,16.017122318614,16.187960511919,15.929619829361,15.987954822196,9193573.0
2015-02-13,15.954620540576,16.07545731145,15.892118762538,16.067123741045,6630525.0
2015-02-17,16.062956955842,16.192127297122,15.958787325779,16.054623385437,7569925.0
2015-02-18,16.07545731145,16.07545731145,15.796282702879,15.89628554774,8246267.0
2015-02-19,15.89628554774,16.002080224033,15.769198599062,15.992121607399,5732249.0
2015-02-20,15.975454466589,16.037956244627,15.762948421259,15.996288392602,7518527.0
2015-02-23,16.033789459425,16.04212302983,15.800449488082,15.912952688551,9947917.0
2015-02-24,15.933786614563,16.127542126482,15.837950554905,16.037956244627,16300760.0
2015-02-25,14.733752476228,14.871256387912,14.342032999336,14.446244297252,62987738.0
2015-02-26,14.375408948808,14.437910726847,14.037899347402,14.171236473883,32524750.0
2015-02-27,14.158736118276,14.579581423734,14.13373540706,14.517079645695,29537969.0
2015-03-02,14.542080356911,14.637916416569,14.375408948808,14.550413927316,15719379.0
2015-03-03,14.550413927316,14.600415349746,14.354575022796,14.404576445226,13686300.0
2015-03-04,14.350408237593,14.371242163606,14.171236473883,14.246238607529,15545645.0
2015-03-05,14.283739674352,14.304573600365,14.10040112544,14.167069688681,18224703.0
2015-03-06,14.08373398463,14.146235762668,13.796225805654,13.825393302071,17412969.0
2015-03-09,13.829721953285,13.854844064008,13.658054196674,13.796225805654,14137598.0
2015-03-10,13.905088285455,13.905088285455,13.603622956773,13.678989288944,16633674.0
2015-03-11,13.808786861015,13.808786861015,13.570126809142,13.65386717822,13762613.0
2015-03-12,13.243539369737,13.733420528845,13.19329514829,13.699924381213,26255292.0
2015-03-13,13.645493141313,13.645493141313,13.398459052531,13.57850084605,14844799.0
2015-03-16,13.565939790688,13.69573736276,13.478012403156,13.55756575378,12498223.0
2015-03-17,13.515695569241,13.595248919866,13.482408772533,13.57850084605,10407662.0
2015-03-18,13.549191716872,13.884153193186,13.465451347794,13.829721953285,13889269.0
2015-03-19,13.7920387872,13.833908971739,13.662241215128,13.75016860266,11780944.0
2015-03-20,13.758542639568,14.062101477477,13.758542639568,13.934397414633,25140644.0
2015-03-23,13.942771451541,14.127000263513,13.917649340817,14.005576728349,12723796.0
2015-03-24,13.993015672988,14.026511820619,13.863218100916,13.946958469994,11105800.0
2015-03-25,13.993015672988,14.026511820619,13.48219942161,13.48219942161,11312988.0
2015-03-26,13.360775886446,13.649680159766,13.218417259013,13.402646070985,13707929.0
2015-03-27,13.486386440064,13.536630661511,12.992318262502,13.184921111382,19631137.0
2015-03-30,13.348214831084,13.390085015624,13.180734092928,13.218417259013,11118260.0
2015-03-31,13.101180742303,13.168173037566,12.996505280956,13.046749502403,13721992.0
2015-04-01,13.335653775723,13.339840794177,13.071871613126,13.101180742303,15527572.0
